review_id,platform,service,rating,sentiment,review_text,date
R00001,Trustpilot,Painting,3,neutral,Okay but can improve.,2025-07-28
R00002,Trustpilot,Gutter Cleaning,4,positive,Very professional Gutter Cleaning.,2023-03-27
R00003,Yelp,Roof Repair,4,positive,Very professional Roof Repair.,2023-07-19
R00004,Google,Lawn Maintenance,4,positive,Very professional Lawn Maintenance.,2024-07-31
R00005,Yelp,Plumbing Repair,4,positive,Excellent Plumbing Repair service!,2023-05-11
R00006,Yelp,Gutter Cleaning,3,neutral,Okay but can improve.,2023-11-25
R00007,Yelp,HVAC Servicing,3,neutral,??? unclear ???,2023-02-08
R00008,Yelp,Plumbing Repair,3,neutral,Average experience.,2023-03-11
R00009,Trustpilot,Plumbing Repair,3,neutral,Okay but can improve.,2024-08-27
R00010,Trustpilot,Gutter Cleaning,4,positive,Very professional Gutter Cleaning.,2024-04-15
R00011,Trustpilot,Water Heater Installation,3,neutral,,2023-03-12
R00012,Yelp,Window Replacement,3,neutral,Okay but can improve.,2025-07-24
R00013,Trustpilot,Water Heater Installation,4,positive,Very professional Water Heater Installation.,2024-08-09
R00014,Trustpilot,Roof Repair,4,positive,Highly recommend!,2025-01-28
R00015,Yelp,Lawn Maintenance,3,neutral,Average experience.,2024-02-02
R00016,Trustpilot,Plumbing Repair,3,neutral,Okay but can improve.,2024-08-18
R00017,Trustpilot,Gutter Cleaning,3,neutral,Average experience.,2025-01-01
R00018,Yelp,Window Replacement,3,neutral,Average experience.,2025-04-12
R00019,Yelp,Plumbing Repair,5,positive,Highly recommend!,2025-07-15
R00020,Trustpilot,Window Replacement,4,positive,Excellent Window Replacement service!,2025-08-27
R00021,Trustpilot,Roof Repair,4,positive,Excellent Roof Repair service!,2025-06-19
R00022,Google,Plumbing Repair,4,positive,Excellent Plumbing Repair service!,2024-02-18
R00023,Yelp,Lawn Maintenance,1,negative,Poor quality service.,2024-06-03
R00024,Google,Roof Repair,3,neutral,Okay but can improve.,2025-03-20
R00025,Trustpilot,Lawn Maintenance,4,positive,Highly recommend!,2024-01-23
R00026,Yelp,Painting,3,neutral,Okay but can improve.,2023-10-20
R00027,Yelp,Painting,2,negative,Will not recommend.,2024-12-08
R00028,Trustpilot,Roof Repair,3,neutral,Average experience.,2023-05-29
R00029,Google,HVAC Servicing,4,positive,Very professional HVAC Servicing.,2023-11-09
R00030,Yelp,Water Heater Installation,4,positive,??? unclear ???,2024-06-18
R00031,Trustpilot,Gutter Cleaning,2,negative,Will not recommend.,2024-05-27
R00032,Google,Gutter Cleaning,4,positive,Very professional Gutter Cleaning.,2024-08-14
R00033,Yelp,HVAC Servicing,2,negative,Will not recommend.,2023-10-21
R00034,Google,Lawn Maintenance,4,positive,Excellent Lawn Maintenance service!,2023-05-11
R00035,Trustpilot,Gutter Cleaning,3,neutral,Average experience.,2023-08-18
R00036,Google,Painting,4,positive,Highly recommend!,2024-04-08
R00037,Yelp,Electrical Wiring,4,positive,Excellent Electrical Wiring service!,2025-05-21
R00038,Google,Painting,5,positive,Highly recommend!,2024-05-30
R00039,Google,Gutter Cleaning,3,neutral,??? unclear ???,2023-09-09
R00040,Google,Fence Repair,4,positive,Highly recommend!,2023-10-07
R00041,Google,Window Replacement,4,positive,Highly recommend!,2024-07-19
R00042,Google,Painting,3,neutral,Okay but can improve.,2024-09-13
R00043,Yelp,Water Heater Installation,5,positive,Very professional Water Heater Installation.,2023-08-17
R00044,Trustpilot,Gutter Cleaning,5,positive,Very professional Gutter Cleaning.,2023-08-28
R00045,Yelp,Fence Repair,3,neutral,Average experience.,2023-06-30
R00046,Google,Lawn Maintenance,3,neutral,Okay but can improve.,2023-05-21
R00047,Yelp,Electrical Wiring,1,negative,Poor quality service.,2023-12-04
R00048,Google,Water Heater Installation,5,positive,Excellent Water Heater Installation service!,2025-07-25
R00049,Google,Lawn Maintenance,5,positive,Very professional Lawn Maintenance.,2024-05-22
R00050,Google,Plumbing Repair,4,positive,Excellent Plumbing Repair service!,2024-10-18
R00051,Google,Electrical Wiring,4,positive,Highly recommend!,2025-05-27
R00052,Yelp,Roof Repair,2,negative,Poor quality service.,2023-03-02
R00053,Trustpilot,Water Heater Installation,5,positive,Very professional Water Heater Installation.,2023-01-11
R00054,Trustpilot,Window Replacement,4,positive,Very professional Window Replacement.,2023-10-12
R00055,Trustpilot,Lawn Maintenance,3,neutral,Average experience.,2024-07-27
R00056,Yelp,HVAC Servicing,4,positive,Very professional HVAC Servicing.,2023-02-10
R00057,Trustpilot,Fence Repair,3,neutral,Average experience.,2023-06-29
R00058,Google,Plumbing Repair,3,neutral,Average experience.,2024-11-04
R00059,Yelp,Lawn Maintenance,2,negative,Will not recommend.,2024-11-28
R00060,Google,Window Replacement,4,positive,Excellent Window Replacement service!,2023-02-10
R00061,Google,Water Heater Installation,4,positive,Excellent Water Heater Installation service!,2024-06-08
R00062,Yelp,HVAC Servicing,2,negative,Will not recommend.,2023-02-26
R00063,Google,Painting,2,negative,Poor quality service.,2024-02-22
R00064,Google,Painting,4,positive,Very professional Painting.,2023-10-08
R00065,Yelp,Electrical Wiring,4,positive,Excellent Electrical Wiring service!,2025-09-18
R00066,Trustpilot,Electrical Wiring,3,neutral,Average experience.,2023-07-06
R00067,Yelp,Lawn Maintenance,4,positive,Excellent Lawn Maintenance service!,2023-08-18
R00068,Trustpilot,Lawn Maintenance,2,negative,Will not recommend.,2023-03-05
R00069,Google,Electrical Wiring,4,positive,Excellent Electrical Wiring service!,2023-09-08
R00070,Google,Lawn Maintenance,1,negative,Poor quality service.,2025-01-08
R00071,Google,Electrical Wiring,3,neutral,Average experience.,2025-08-06
R00072,Yelp,Gutter Cleaning,4,positive,Highly recommend!,2025-07-04
R00073,Yelp,Electrical Wiring,4,positive,Excellent Electrical Wiring service!,2024-05-21
R00074,Yelp,Roof Repair,5,positive,Excellent Roof Repair service!,2023-06-26
R00075,Google,Lawn Maintenance,3,neutral,Okay but can improve.,2025-03-11
R00076,Google,Window Replacement,3,neutral,Okay but can improve.,2025-05-18
R00077,Google,Electrical Wiring,5,positive,Highly recommend!,2025-02-17
R00078,Trustpilot,Electrical Wiring,5,positive,Highly recommend!,2023-12-14
R00079,Trustpilot,Roof Repair,3,neutral,Average experience.,2025-09-14
R00080,Google,Electrical Wiring,4,positive,Very professional Electrical Wiring.,2024-09-17
R00081,Trustpilot,Fence Repair,3,neutral,Okay but can improve.,2024-11-09
R00082,Trustpilot,Lawn Maintenance,5,positive,Highly recommend!,2023-04-01
R00083,Trustpilot,Painting,3,neutral,Average experience.,2024-10-13
R00084,Google,HVAC Servicing,4,positive,Highly recommend!,2024-10-30
R00085,Trustpilot,Window Replacement,3,neutral,Okay but can improve.,2024-12-05
R00086,Trustpilot,Electrical Wiring,1,negative,Will not recommend.,2025-08-24
R00087,Trustpilot,Window Replacement,3,neutral,Average experience.,2024-05-12
R00088,Google,Water Heater Installation,2,negative,??? unclear ???,2024-11-11
R00089,Trustpilot,Electrical Wiring,4,positive,Highly recommend!,2025-02-04
R00090,Google,Electrical Wiring,1,negative,Will not recommend.,2023-10-10
R00091,Trustpilot,Roof Repair,4,positive,Excellent Roof Repair service!,2025-04-13
R00092,Trustpilot,Water Heater Installation,2,negative,Will not recommend.,2023-02-23
R00093,Trustpilot,Electrical Wiring,4,positive,Very professional Electrical Wiring.,2023-04-23
R00094,Yelp,Plumbing Repair,4,positive,Highly recommend!,2025-09-28
R00095,Trustpilot,Gutter Cleaning,3,neutral,Average experience.,2025-04-14
R00096,Yelp,Plumbing Repair,5,positive,Very professional Plumbing Repair.,2024-11-11
R00097,Yelp,HVAC Servicing,5,positive,Excellent HVAC Servicing service!,2024-10-25
R00098,Trustpilot,Plumbing Repair,5,positive,Excellent Plumbing Repair service!,2024-09-22
R00099,Google,Gutter Cleaning,3,neutral,Average experience.,2024-12-23
R00100,Google,Fence Repair,2,negative,Will not recommend.,2025-02-24
R00101,Google,HVAC Servicing,5,positive,Highly recommend!,2024-12-07
R00102,Google,Window Replacement,3,neutral,Okay but can improve.,2023-05-14
R00103,Trustpilot,HVAC Servicing,2,negative,Poor quality service.,2023-02-22
R00104,Yelp,HVAC Servicing,2,negative,Will not recommend.,2024-02-26
R00105,Trustpilot,Fence Repair,4,positive,Highly recommend!,2023-04-07
R00106,Yelp,Water Heater Installation,3,neutral,Average experience.,2025-07-03
R00107,Yelp,Lawn Maintenance,5,positive,Highly recommend!,2023-11-15
R00108,Trustpilot,Painting,2,negative,Poor quality service.,2023-04-10
R00109,Google,Roof Repair,2,negative,Will not recommend.,2025-09-27
R00110,Yelp,Window Replacement,3,neutral,Average experience.,2023-11-25
R00111,Google,Roof Repair,2,negative,Poor quality service.,2023-11-13
R00112,Yelp,Window Replacement,3,neutral,Average experience.,2024-04-14
R00113,Google,Roof Repair,4,positive,Very professional Roof Repair.,2024-07-23
R00114,Trustpilot,Water Heater Installation,5,positive,Highly recommend!,2024-04-28
R00115,Yelp,Gutter Cleaning,3,neutral,Average experience.,2024-08-11
R00116,Google,Lawn Maintenance,3,neutral,Average experience.,2025-04-18
R00117,Trustpilot,Lawn Maintenance,4,positive,Highly recommend!,2023-12-19
R00118,Google,Painting,4,positive,Very professional Painting.,2023-01-15
R00119,Yelp,Lawn Maintenance,5,positive,Excellent Lawn Maintenance service!,2024-03-14
R00120,Trustpilot,Water Heater Installation,3,neutral,Okay but can improve.,2023-11-24
R00121,Google,Plumbing Repair,5,positive,Very professional Plumbing Repair.,2025-03-26
R00122,Trustpilot,Water Heater Installation,3,neutral,Average experience.,2023-06-19
R00123,Trustpilot,HVAC Servicing,5,positive,Very professional HVAC Servicing.,2024-06-14
R00124,Trustpilot,Electrical Wiring,4,positive,??? unclear ???,2024-02-22
R00125,Yelp,Plumbing Repair,3,neutral,Okay but can improve.,2025-04-28
R00126,Trustpilot,Window Replacement,4,positive,Excellent Window Replacement service!,2024-12-24
R00127,Trustpilot,Fence Repair,3,neutral,Average experience.,2023-10-17
R00128,Google,Fence Repair,4,positive,Very professional Fence Repair.,2024-11-10
R00129,Yelp,Water Heater Installation,3,neutral,Okay but can improve.,2024-11-24
R00130,Yelp,Electrical Wiring,3,neutral,Average experience.,2024-08-18
R00131,Google,Electrical Wiring,4,positive,Very professional Electrical Wiring.,2024-07-30
R00132,Google,Gutter Cleaning,4,positive,Very professional Gutter Cleaning.,2025-04-23
R00133,Google,Roof Repair,2,negative,Will not recommend.,2025-09-04
R00134,Google,HVAC Servicing,5,positive,Excellent HVAC Servicing service!,2024-07-11
R00135,Google,Painting,4,positive,Excellent Painting service!,2024-09-18
R00136,Yelp,Lawn Maintenance,4,positive,Highly recommend!,2024-04-09
R00137,Trustpilot,Gutter Cleaning,3,neutral,Average experience.,2023-08-03
R00138,Google,Electrical Wiring,2,negative,Poor quality service.,2025-07-20
R00139,Trustpilot,Plumbing Repair,5,positive,Very professional Plumbing Repair.,2024-12-05
R00140,Google,Lawn Maintenance,3,neutral,Okay but can improve.,2024-02-14
R00141,Yelp,Painting,3,neutral,Average experience.,2025-10-02
R00142,Yelp,Roof Repair,4,positive,Very professional Roof Repair.,2023-02-23
R00143,Trustpilot,HVAC Servicing,2,negative,Will not recommend.,2024-03-23
R00144,Trustpilot,HVAC Servicing,4,positive,??? unclear ???,2025-04-13
R00145,Google,HVAC Servicing,3,neutral,Okay but can improve.,2025-02-03
R00146,Trustpilot,Painting,3,neutral,Average experience.,2025-03-05
R00147,Yelp,Window Replacement,4,positive,Excellent Window Replacement service!,2023-09-15
R00148,Trustpilot,Painting,5,positive,Highly recommend!,2024-10-13
R00149,Trustpilot,Painting,5,positive,Highly recommend!,2024-07-30
R00150,Trustpilot,Lawn Maintenance,5,positive,Excellent Lawn Maintenance service!,2024-08-30
R00151,Yelp,HVAC Servicing,3,neutral,Okay but can improve.,2024-01-10
R00152,Trustpilot,Painting,1,negative,Poor quality service.,2023-07-06
R00153,Google,Gutter Cleaning,3,neutral,Average experience.,2025-05-04
R00154,Yelp,Electrical Wiring,4,positive,Highly recommend!,2024-08-07
R00155,Trustpilot,Painting,3,neutral,Okay but can improve.,2025-07-14
R00156,Google,Painting,3,neutral,Average experience.,2025-05-09
R00157,Google,Gutter Cleaning,2,negative,Poor quality service.,2024-10-01
R00158,Yelp,Window Replacement,4,positive,Highly recommend!,2024-05-27
R00159,Yelp,Fence Repair,3,neutral,Average experience.,2024-03-24
R00160,Yelp,Window Replacement,3,neutral,Average experience.,2023-01-04
R00161,Trustpilot,Painting,4,positive,Very professional Painting.,2025-04-23
R00162,Google,HVAC Servicing,3,neutral,Okay but can improve.,2025-09-22
R00163,Trustpilot,Fence Repair,5,positive,Highly recommend!,2024-11-21
R00164,Trustpilot,Water Heater Installation,3,neutral,Okay but can improve.,2023-03-10
R00165,Google,Water Heater Installation,2,negative,Poor quality service.,2024-06-02
R00166,Google,Electrical Wiring,4,positive,Highly recommend!,2025-10-09
R00167,Trustpilot,HVAC Servicing,4,positive,Highly recommend!,2025-02-16
R00168,Yelp,Lawn Maintenance,4,positive,Excellent Lawn Maintenance service!,2023-06-18
R00169,Google,Electrical Wiring,3,neutral,Okay but can improve.,2024-01-26
R00170,Google,Lawn Maintenance,4,positive,Excellent Lawn Maintenance service!,2025-09-11
R00171,Yelp,Electrical Wiring,3,neutral,Okay but can improve.,2024-01-14
R00172,Yelp,HVAC Servicing,2,negative,Poor quality service.,2025-07-01
R00173,Google,Water Heater Installation,4,positive,Excellent Water Heater Installation service!,2023-02-19
R00174,Trustpilot,Painting,4,positive,Excellent Painting service!,2023-07-27
R00175,Trustpilot,HVAC Servicing,5,positive,Excellent HVAC Servicing service!,2023-03-22
R00176,Yelp,HVAC Servicing,1,negative,Will not recommend.,2023-01-14
R00177,Trustpilot,Fence Repair,3,neutral,Okay but can improve.,2025-05-07
R00178,Trustpilot,HVAC Servicing,3,neutral,Okay but can improve.,2024-08-03
R00179,Google,Painting,4,positive,,2025-08-12
R00180,Trustpilot,Water Heater Installation,4,positive,Very professional Water Heater Installation.,2023-08-04
R00181,Trustpilot,HVAC Servicing,3,neutral,Average experience.,2024-12-07
R00182,Google,Gutter Cleaning,5,positive,Highly recommend!,2024-11-26
R00183,Yelp,Window Replacement,5,positive,Excellent Window Replacement service!,2024-01-13
R00184,Yelp,Fence Repair,5,positive,Very professional Fence Repair.,2024-12-17
R00185,Trustpilot,Electrical Wiring,4,positive,Very professional Electrical Wiring.,2023-05-06
R00186,Yelp,Water Heater Installation,3,neutral,Okay but can improve.,2024-12-04
R00187,Yelp,Water Heater Installation,5,positive,Very professional Water Heater Installation.,2024-02-16
R00188,Google,Painting,5,positive,Very professional Painting.,2023-08-06
R00189,Yelp,Roof Repair,4,positive,Very professional Roof Repair.,2023-12-15
R00190,Yelp,Gutter Cleaning,3,neutral,Average experience.,2024-04-03
R00191,Google,Electrical Wiring,2,negative,Poor quality service.,2024-03-08
R00192,Yelp,Window Replacement,2,negative,Will not recommend.,2024-08-07
R00193,Trustpilot,Water Heater Installation,4,positive,Excellent Water Heater Installation service!,2024-09-22
R00194,Yelp,Lawn Maintenance,4,positive,Highly recommend!,2024-10-20
R00195,Google,Water Heater Installation,2,negative,Poor quality service.,2023-11-15
R00196,Google,Painting,5,positive,Very professional Painting.,2024-09-07
R00197,Trustpilot,Lawn Maintenance,2,negative,Will not recommend.,2023-03-27
R00198,Yelp,HVAC Servicing,3,neutral,Average experience.,2024-12-31
R00199,Google,Gutter Cleaning,5,positive,,2024-09-04
R00200,Yelp,Painting,5,positive,Very professional Painting.,2024-10-07
R00201,Google,Painting,4,positive,Very professional Painting.,2025-01-24
R00202,Google,Roof Repair,3,neutral,Average experience.,2024-02-29
R00203,Google,Plumbing Repair,3,neutral,,2025-09-05
R00204,Trustpilot,Fence Repair,3,neutral,Okay but can improve.,2024-05-04
R00205,Trustpilot,Water Heater Installation,4,positive,Excellent Water Heater Installation service!,2024-01-12
R00206,Yelp,Roof Repair,3,neutral,Okay but can improve.,2023-02-07
R00207,Yelp,Roof Repair,3,neutral,Average experience.,2024-03-14
R00208,Yelp,HVAC Servicing,3,neutral,Average experience.,2024-10-04
R00209,Google,Water Heater Installation,5,positive,Highly recommend!,2025-05-16
R00210,Yelp,Painting,4,positive,Very professional Painting.,2024-07-21
R00211,Yelp,Fence Repair,4,positive,Excellent Fence Repair service!,2025-09-15
R00212,Trustpilot,Gutter Cleaning,5,positive,Very professional Gutter Cleaning.,2025-05-26
R00213,Yelp,Fence Repair,4,positive,Very professional Fence Repair.,2024-03-15
R00214,Google,Plumbing Repair,5,positive,Very professional Plumbing Repair.,2025-06-16
R00215,Trustpilot,Roof Repair,5,positive,Excellent Roof Repair service!,2025-06-21
R00216,Google,Painting,2,negative,Will not recommend.,2024-02-19
R00217,Google,Lawn Maintenance,5,positive,Very professional Lawn Maintenance.,2023-04-11
R00218,Trustpilot,Window Replacement,5,positive,Excellent Window Replacement service!,2023-03-31
R00219,Google,Fence Repair,2,negative,Will not recommend.,2024-02-01
R00220,Yelp,HVAC Servicing,4,positive,Very professional HVAC Servicing.,2024-04-13
R00221,Trustpilot,Roof Repair,2,negative,Poor quality service.,2024-01-22
R00222,Yelp,Plumbing Repair,4,positive,Excellent Plumbing Repair service!,2024-05-24
R00223,Google,Fence Repair,5,positive,Highly recommend!,2023-07-19
R00224,Yelp,Water Heater Installation,3,neutral,Okay but can improve.,2024-02-27
R00225,Yelp,Electrical Wiring,4,positive,Very professional Electrical Wiring.,2024-12-16
R00226,Yelp,Water Heater Installation,2,negative,Will not recommend.,2024-12-10
R00227,Trustpilot,Fence Repair,4,positive,Excellent Fence Repair service!,2024-03-02
R00228,Google,Painting,4,positive,Excellent Painting service!,2023-06-11
R00229,Google,Water Heater Installation,4,positive,Highly recommend!,2024-11-06
R00230,Google,Lawn Maintenance,3,neutral,Okay but can improve.,2025-05-31
R00231,Trustpilot,Window Replacement,4,positive,Very professional Window Replacement.,2025-04-14
R00232,Trustpilot,HVAC Servicing,4,positive,Very professional HVAC Servicing.,2023-06-28
R00233,Trustpilot,Painting,5,positive,Very professional Painting.,2024-08-31
R00234,Yelp,Electrical Wiring,5,positive,Very professional Electrical Wiring.,2023-10-05
R00235,Trustpilot,Gutter Cleaning,2,negative,Poor quality service.,2024-03-08
R00236,Yelp,Electrical Wiring,3,neutral,Average experience.,2023-01-27
R00237,Trustpilot,Window Replacement,3,neutral,Okay but can improve.,2025-07-29
R00238,Trustpilot,Fence Repair,4,positive,Excellent Fence Repair service!,2025-09-13
R00239,Google,Gutter Cleaning,3,neutral,??? unclear ???,2024-06-15
R00240,Yelp,Plumbing Repair,4,positive,Excellent Plumbing Repair service!,2023-08-15
R00241,Trustpilot,Roof Repair,3,neutral,Average experience.,2023-12-26
R00242,Yelp,Water Heater Installation,3,neutral,Okay but can improve.,2023-01-10
R00243,Google,HVAC Servicing,1,negative,Poor quality service.,2024-10-24
R00244,Trustpilot,Plumbing Repair,4,positive,Very professional Plumbing Repair.,2023-03-30
R00245,Trustpilot,Window Replacement,3,neutral,Average experience.,2024-07-10
R00246,Google,Water Heater Installation,3,neutral,Okay but can improve.,2024-08-05
R00247,Trustpilot,Water Heater Installation,4,positive,Excellent Water Heater Installation service!,2023-11-11
R00248,Trustpilot,Window Replacement,3,neutral,Okay but can improve.,2024-03-02
R00249,Google,Window Replacement,4,positive,Excellent Window Replacement service!,2023-02-13
R00250,Google,Roof Repair,5,positive,Highly recommend!,2025-05-01
R00251,Yelp,Window Replacement,4,positive,Very professional Window Replacement.,2024-06-24
R00252,Google,Water Heater Installation,5,positive,Highly recommend!,2024-12-10
R00253,Yelp,Plumbing Repair,5,positive,Excellent Plumbing Repair service!,2025-04-06
R00254,Yelp,Painting,4,positive,Excellent Painting service!,2025-08-12
R00255,Google,Water Heater Installation,4,positive,Very professional Water Heater Installation.,2024-02-20
R00256,Google,Electrical Wiring,4,positive,Excellent Electrical Wiring service!,2024-02-11
R00257,Yelp,Roof Repair,2,negative,Will not recommend.,2024-06-22
R00258,Google,HVAC Servicing,4,positive,Highly recommend!,2025-08-16
R00259,Google,Water Heater Installation,4,positive,Highly recommend!,2025-04-08
R00260,Yelp,Plumbing Repair,2,negative,Poor quality service.,2024-06-11
R00261,Google,Gutter Cleaning,3,neutral,Okay but can improve.,2025-05-15
R00262,Yelp,Fence Repair,2,negative,Will not recommend.,2024-01-04
R00263,Trustpilot,Gutter Cleaning,4,positive,Very professional Gutter Cleaning.,2025-03-11
R00264,Google,Plumbing Repair,3,neutral,Okay but can improve.,2025-02-20
R00265,Google,Window Replacement,5,positive,Highly recommend!,2024-04-15
R00266,Google,Electrical Wiring,4,positive,Highly recommend!,2024-09-06
R00267,Google,Window Replacement,5,positive,Very professional Window Replacement.,2024-08-04
R00268,Yelp,Roof Repair,3,neutral,Okay but can improve.,2025-02-13
R00269,Trustpilot,Painting,5,positive,Very professional Painting.,2023-12-11
R00270,Trustpilot,Gutter Cleaning,1,negative,Poor quality service.,2023-12-17
R00271,Google,Fence Repair,4,positive,Highly recommend!,2023-03-05
R00272,Trustpilot,Electrical Wiring,4,positive,Highly recommend!,2024-09-06
R00273,Google,HVAC Servicing,5,positive,??? unclear ???,2023-03-18
R00274,Trustpilot,Painting,3,neutral,Okay but can improve.,2025-03-23
R00275,Trustpilot,Fence Repair,4,positive,Highly recommend!,2023-06-24
R00276,Yelp,Painting,3,neutral,Okay but can improve.,2024-03-10
R00277,Yelp,Roof Repair,3,neutral,Average experience.,2023-02-18
R00278,Google,HVAC Servicing,4,positive,Excellent HVAC Servicing service!,2024-06-13
R00279,Yelp,Electrical Wiring,4,positive,Excellent Electrical Wiring service!,2025-04-30
R00280,Trustpilot,Fence Repair,2,negative,Will not recommend.,2023-08-23
R00281,Yelp,Electrical Wiring,4,positive,Excellent Electrical Wiring service!,2023-07-21
R00282,Trustpilot,Roof Repair,2,negative,Will not recommend.,2024-02-10
R00283,Trustpilot,Gutter Cleaning,3,neutral,Average experience.,2024-02-08
R00284,Trustpilot,Window Replacement,5,positive,Very professional Window Replacement.,2024-04-03
R00285,Trustpilot,Plumbing Repair,5,positive,Highly recommend!,2024-10-09
R00286,Google,Plumbing Repair,5,positive,Very professional Plumbing Repair.,2024-11-23
R00287,Trustpilot,Plumbing Repair,3,neutral,Average experience.,2023-10-04
R00288,Google,Roof Repair,3,neutral,Okay but can improve.,2023-06-07
R00289,Google,Window Replacement,3,neutral,Average experience.,2025-01-14
R00290,Yelp,HVAC Servicing,4,positive,Excellent HVAC Servicing service!,2023-05-07
R00291,Yelp,Roof Repair,5,positive,Excellent Roof Repair service!,2023-09-03
R00292,Yelp,HVAC Servicing,4,positive,Excellent HVAC Servicing service!,2025-03-03
R00293,Google,Lawn Maintenance,2,negative,Will not recommend.,2024-05-14
R00294,Trustpilot,Painting,4,positive,Excellent Painting service!,2025-04-19
R00295,Google,Electrical Wiring,3,neutral,Okay but can improve.,2023-01-03
R00296,Trustpilot,Water Heater Installation,5,positive,Excellent Water Heater Installation service!,2024-06-27
R00297,Yelp,Window Replacement,4,positive,Excellent Window Replacement service!,2025-03-17
R00298,Yelp,Gutter Cleaning,4,positive,Excellent Gutter Cleaning service!,2023-05-26
R00299,Yelp,Painting,4,positive,Very professional Painting.,2023-11-14
R00300,Google,HVAC Servicing,2,negative,Poor quality service.,2024-11-22
R00301,Yelp,Plumbing Repair,3,neutral,Okay but can improve.,2024-10-16
R00302,Trustpilot,Window Replacement,4,positive,Excellent Window Replacement service!,2024-05-04
R00303,Google,Plumbing Repair,4,positive,Highly recommend!,2024-08-14
R00304,Google,Water Heater Installation,2,negative,Will not recommend.,2024-04-21
R00305,Yelp,Painting,4,positive,Excellent Painting service!,2024-10-21
R00306,Trustpilot,HVAC Servicing,4,positive,Excellent HVAC Servicing service!,2023-10-12
R00307,Trustpilot,HVAC Servicing,5,positive,Very professional HVAC Servicing.,2025-07-31
R00308,Yelp,Electrical Wiring,3,neutral,Average experience.,2025-08-20
R00309,Trustpilot,HVAC Servicing,4,positive,Highly recommend!,2025-05-09
R00310,Google,Water Heater Installation,2,negative,Poor quality service.,2024-02-03
R00311,Yelp,Plumbing Repair,3,neutral,Average experience.,2023-01-18
R00312,Google,Electrical Wiring,5,positive,Highly recommend!,2023-06-17
R00313,Google,Roof Repair,4,positive,Excellent Roof Repair service!,2023-07-14
R00314,Google,Plumbing Repair,3,neutral,Okay but can improve.,2024-05-23
R00315,Yelp,Lawn Maintenance,3,neutral,Okay but can improve.,2024-03-27
R00316,Google,Roof Repair,4,positive,Highly recommend!,2023-03-30
R00317,Trustpilot,Water Heater Installation,2,negative,Poor quality service.,2023-07-22
R00318,Google,HVAC Servicing,4,positive,Excellent HVAC Servicing service!,2025-01-11
R00319,Google,Painting,5,positive,Excellent Painting service!,2024-02-14
R00320,Trustpilot,Lawn Maintenance,2,negative,Will not recommend.,2025-01-17
R00321,Trustpilot,Gutter Cleaning,4,positive,Excellent Gutter Cleaning service!,2023-10-09
R00322,Yelp,Lawn Maintenance,4,positive,Highly recommend!,2023-12-05
R00323,Trustpilot,Electrical Wiring,4,positive,Excellent Electrical Wiring service!,2024-11-06
R00324,Trustpilot,Water Heater Installation,4,positive,??? unclear ???,2024-07-25
R00325,Trustpilot,Roof Repair,5,positive,Excellent Roof Repair service!,2023-03-16
R00326,Yelp,Electrical Wiring,3,neutral,Average experience.,2024-10-10
R00327,Yelp,Water Heater Installation,3,neutral,Okay but can improve.,2024-06-24
R00328,Google,Fence Repair,2,negative,Poor quality service.,2025-09-23
R00329,Yelp,Painting,3,neutral,Okay but can improve.,2025-08-17
R00330,Yelp,Fence Repair,5,positive,Highly recommend!,2024-02-13
R00331,Google,Gutter Cleaning,4,positive,Highly recommend!,2023-08-01
R00332,Google,Plumbing Repair,4,positive,Highly recommend!,2024-05-14
R00333,Yelp,Roof Repair,3,neutral,,2023-09-03
R00334,Yelp,Gutter Cleaning,2,negative,Will not recommend.,2023-10-25
R00335,Yelp,Water Heater Installation,3,neutral,Average experience.,2024-06-03
R00336,Google,HVAC Servicing,3,neutral,Average experience.,2024-01-16
R00337,Google,Fence Repair,3,neutral,??? unclear ???,2023-09-30
R00338,Yelp,HVAC Servicing,2,negative,Will not recommend.,2023-06-17
R00339,Google,Gutter Cleaning,4,positive,Very professional Gutter Cleaning.,2024-10-10
R00340,Trustpilot,Gutter Cleaning,4,positive,Very professional Gutter Cleaning.,2024-10-05
R00341,Google,Painting,4,positive,Excellent Painting service!,2023-02-18
R00342,Yelp,Window Replacement,3,neutral,Average experience.,2025-05-27
R00343,Google,Gutter Cleaning,3,neutral,Okay but can improve.,2025-03-05
R00344,Trustpilot,Painting,2,negative,Will not recommend.,2025-05-12
R00345,Trustpilot,Window Replacement,2,negative,Will not recommend.,2025-02-01
R00346,Trustpilot,Gutter Cleaning,4,positive,Highly recommend!,2023-08-26
R00347,Google,Plumbing Repair,4,positive,Highly recommend!,2025-02-17
R00348,Google,Water Heater Installation,4,positive,Highly recommend!,2023-01-30
R00349,Yelp,Fence Repair,2,negative,Poor quality service.,2024-08-10
R00350,Trustpilot,Roof Repair,4,positive,Highly recommend!,2025-01-14
R00351,Trustpilot,Window Replacement,5,positive,Very professional Window Replacement.,2025-02-23
R00352,Yelp,Water Heater Installation,4,positive,Very professional Water Heater Installation.,2025-03-13
R00353,Google,Plumbing Repair,5,positive,Highly recommend!,2023-09-16
R00354,Yelp,Lawn Maintenance,3,neutral,Average experience.,2024-08-27
R00355,Google,Gutter Cleaning,3,neutral,Okay but can improve.,2025-02-07
R00356,Yelp,HVAC Servicing,1,negative,Will not recommend.,2024-10-09
R00357,Trustpilot,Roof Repair,4,positive,Excellent Roof Repair service!,2025-03-12
R00358,Trustpilot,Gutter Cleaning,4,positive,Excellent Gutter Cleaning service!,2025-07-25
R00359,Google,HVAC Servicing,3,neutral,Okay but can improve.,2023-08-25
R00360,Yelp,Painting,4,positive,Highly recommend!,2023-03-23
R00361,Yelp,Water Heater Installation,2,negative,Poor quality service.,2023-09-21
R00362,Trustpilot,Fence Repair,3,neutral,Average experience.,2023-12-19
R00363,Yelp,Painting,3,neutral,Okay but can improve.,2025-03-17
R00364,Trustpilot,Lawn Maintenance,3,neutral,Average experience.,2024-01-15
R00365,Google,Gutter Cleaning,4,positive,Very professional Gutter Cleaning.,2024-08-17
R00366,Yelp,Electrical Wiring,3,neutral,Average experience.,2024-07-25
R00367,Yelp,Fence Repair,4,positive,Very professional Fence Repair.,2024-08-08
R00368,Google,Lawn Maintenance,3,neutral,Average experience.,2023-04-11
R00369,Yelp,Plumbing Repair,3,neutral,Okay but can improve.,2024-02-03
R00370,Yelp,Gutter Cleaning,4,positive,??? unclear ???,2025-01-16
R00371,Yelp,Painting,3,neutral,Average experience.,2024-07-16
R00372,Google,Painting,5,positive,Very professional Painting.,2023-11-27
R00373,Google,Fence Repair,4,positive,Very professional Fence Repair.,2023-04-17
R00374,Trustpilot,Fence Repair,5,positive,Highly recommend!,2024-04-08
R00375,Trustpilot,Painting,3,neutral,,2023-01-31
R00376,Yelp,HVAC Servicing,3,neutral,Okay but can improve.,2023-07-18
R00377,Yelp,Lawn Maintenance,3,neutral,Average experience.,2025-05-14
R00378,Yelp,Painting,3,neutral,Average experience.,2025-08-12
R00379,Google,Plumbing Repair,3,neutral,Okay but can improve.,2025-07-18
R00380,Trustpilot,Fence Repair,4,positive,Highly recommend!,2024-02-29
R00381,Google,HVAC Servicing,4,positive,Very professional HVAC Servicing.,2024-05-07
R00382,Yelp,Gutter Cleaning,4,positive,Very professional Gutter Cleaning.,2024-02-05
R00383,Google,Fence Repair,5,positive,Very professional Fence Repair.,2025-05-08
R00384,Google,Plumbing Repair,2,negative,Poor quality service.,2025-06-05
R00385,Google,Electrical Wiring,5,positive,Highly recommend!,2024-11-23
R00386,Yelp,Lawn Maintenance,3,neutral,Okay but can improve.,2024-07-29
R00387,Google,Water Heater Installation,5,positive,Very professional Water Heater Installation.,2025-06-19
R00388,Yelp,Painting,4,positive,Highly recommend!,2024-08-14
R00389,Yelp,Gutter Cleaning,5,positive,Very professional Gutter Cleaning.,2024-12-06
R00390,Trustpilot,Electrical Wiring,5,positive,Highly recommend!,2023-12-23
R00391,Trustpilot,Electrical Wiring,5,positive,Highly recommend!,2024-02-25
R00392,Google,Gutter Cleaning,5,positive,Highly recommend!,2023-06-12
R00393,Trustpilot,Fence Repair,3,neutral,Okay but can improve.,2025-08-22
R00394,Trustpilot,Lawn Maintenance,5,positive,Highly recommend!,2024-10-08
R00395,Trustpilot,Plumbing Repair,3,neutral,Average experience.,2025-07-26
R00396,Yelp,Roof Repair,3,neutral,Average experience.,2023-01-29
R00397,Trustpilot,HVAC Servicing,2,negative,Will not recommend.,2023-01-12
R00398,Google,Lawn Maintenance,3,neutral,Average experience.,2024-12-07
R00399,Trustpilot,Window Replacement,1,negative,Poor quality service.,2023-10-11
R00400,Trustpilot,Fence Repair,3,neutral,Average experience.,2023-06-05
R00401,Google,Fence Repair,3,neutral,Average experience.,2023-10-07
R00402,Trustpilot,Roof Repair,4,positive,Very professional Roof Repair.,2025-08-03
R00403,Trustpilot,HVAC Servicing,3,neutral,Average experience.,2023-04-16
R00404,Google,Water Heater Installation,2,negative,Will not recommend.,2024-08-10
R00405,Trustpilot,Water Heater Installation,4,positive,Highly recommend!,2025-05-09
R00406,Google,Fence Repair,4,positive,Highly recommend!,2024-01-13
R00407,Google,Electrical Wiring,4,positive,Very professional Electrical Wiring.,2024-11-16
R00408,Yelp,Fence Repair,1,negative,Will not recommend.,2025-05-04
R00409,Yelp,Electrical Wiring,4,positive,Excellent Electrical Wiring service!,2023-04-30
R00410,Trustpilot,HVAC Servicing,5,positive,Excellent HVAC Servicing service!,2024-06-20
R00411,Trustpilot,Plumbing Repair,4,positive,Very professional Plumbing Repair.,2023-05-26
R00412,Trustpilot,Fence Repair,5,positive,Very professional Fence Repair.,2025-06-20
R00413,Google,Electrical Wiring,5,positive,Highly recommend!,2025-02-04
R00414,Google,Window Replacement,3,neutral,Average experience.,2024-07-25
R00415,Trustpilot,Roof Repair,3,neutral,Okay but can improve.,2025-03-02
R00416,Google,Painting,4,positive,,2024-03-20
R00417,Trustpilot,Plumbing Repair,4,positive,??? unclear ???,2025-06-27
R00418,Yelp,Roof Repair,4,positive,Highly recommend!,2024-07-22
R00419,Trustpilot,Gutter Cleaning,3,neutral,,2023-10-16
R00420,Yelp,Roof Repair,3,neutral,Okay but can improve.,2023-03-04
R00421,Yelp,Gutter Cleaning,4,positive,Highly recommend!,2023-10-25
R00422,Google,Lawn Maintenance,4,positive,Very professional Lawn Maintenance.,2024-09-17
R00423,Trustpilot,HVAC Servicing,2,negative,Will not recommend.,2025-08-03
R00424,Google,Window Replacement,5,positive,Highly recommend!,2024-05-22
R00425,Yelp,Water Heater Installation,5,positive,Highly recommend!,2023-12-14
R00426,Yelp,Water Heater Installation,3,neutral,Okay but can improve.,2023-08-21
R00427,Yelp,Gutter Cleaning,3,neutral,Okay but can improve.,2024-07-27
R00428,Google,Gutter Cleaning,3,neutral,Okay but can improve.,2025-09-19
R00429,Trustpilot,HVAC Servicing,3,neutral,Average experience.,2025-02-12
R00430,Google,Window Replacement,3,neutral,??? unclear ???,2025-04-15
R00431,Google,Electrical Wiring,3,neutral,Average experience.,2024-05-15
R00432,Google,Roof Repair,5,positive,Excellent Roof Repair service!,2025-09-13
R00433,Trustpilot,Water Heater Installation,4,positive,Very professional Water Heater Installation.,2025-05-09
R00434,Trustpilot,Plumbing Repair,4,positive,Excellent Plumbing Repair service!,2024-09-07
R00435,Yelp,Painting,5,positive,Very professional Painting.,2024-07-29
R00436,Google,Window Replacement,5,positive,Excellent Window Replacement service!,2023-01-25
R00437,Yelp,Gutter Cleaning,4,positive,Excellent Gutter Cleaning service!,2025-03-26
R00438,Google,Fence Repair,3,neutral,Okay but can improve.,2024-09-16
R00439,Google,Window Replacement,3,neutral,Average experience.,2023-04-06
R00440,Yelp,HVAC Servicing,4,positive,Highly recommend!,2024-06-03
R00441,Yelp,Water Heater Installation,5,positive,Highly recommend!,2023-10-10
R00442,Google,Gutter Cleaning,2,negative,Will not recommend.,2023-03-23
R00443,Google,Lawn Maintenance,5,positive,Very professional Lawn Maintenance.,2023-06-01
R00444,Yelp,Gutter Cleaning,5,positive,Excellent Gutter Cleaning service!,2023-02-06
R00445,Trustpilot,Electrical Wiring,3,neutral,Average experience.,2024-01-21
R00446,Yelp,Lawn Maintenance,4,positive,Very professional Lawn Maintenance.,2025-02-09
R00447,Google,HVAC Servicing,5,positive,Excellent HVAC Servicing service!,2024-10-05
R00448,Google,Lawn Maintenance,2,negative,Will not recommend.,2024-02-20
R00449,Yelp,Lawn Maintenance,4,positive,Very professional Lawn Maintenance.,2023-08-13
R00450,Yelp,Fence Repair,4,positive,Excellent Fence Repair service!,2025-05-08
R00451,Google,Window Replacement,2,negative,Poor quality service.,2024-03-10
R00452,Yelp,Water Heater Installation,2,negative,Will not recommend.,2024-01-11
R00453,Trustpilot,Water Heater Installation,5,positive,Highly recommend!,2024-03-06
R00454,Google,Fence Repair,4,positive,Excellent Fence Repair service!,2024-03-26
R00455,Yelp,Plumbing Repair,4,positive,Excellent Plumbing Repair service!,2023-03-10
R00456,Trustpilot,Plumbing Repair,5,positive,Very professional Plumbing Repair.,2025-09-21
R00457,Yelp,HVAC Servicing,5,positive,Very professional HVAC Servicing.,2023-08-28
R00458,Trustpilot,Gutter Cleaning,2,negative,Poor quality service.,2025-10-03
R00459,Trustpilot,HVAC Servicing,3,neutral,Okay but can improve.,2024-07-22
R00460,Trustpilot,Painting,3,neutral,Average experience.,2024-04-14
R00461,Google,Electrical Wiring,4,positive,Very professional Electrical Wiring.,2024-10-24
R00462,Trustpilot,Electrical Wiring,3,neutral,Okay but can improve.,2025-05-24
R00463,Trustpilot,Water Heater Installation,5,positive,Excellent Water Heater Installation service!,2024-12-05
R00464,Trustpilot,Electrical Wiring,1,negative,Will not recommend.,2025-05-12
R00465,Google,Gutter Cleaning,2,negative,Will not recommend.,2025-03-31
R00466,Trustpilot,HVAC Servicing,3,neutral,Average experience.,2024-01-04
R00467,Trustpilot,Gutter Cleaning,4,positive,Excellent Gutter Cleaning service!,2024-06-25
R00468,Google,Water Heater Installation,5,positive,Excellent Water Heater Installation service!,2024-09-08
R00469,Yelp,Roof Repair,4,positive,Highly recommend!,2023-10-01
R00470,Trustpilot,Plumbing Repair,4,positive,Highly recommend!,2024-04-19
R00471,Trustpilot,Electrical Wiring,4,positive,Very professional Electrical Wiring.,2024-05-03
R00472,Yelp,Electrical Wiring,4,positive,Very professional Electrical Wiring.,2025-10-07
R00473,Google,Lawn Maintenance,3,neutral,Average experience.,2025-09-02
R00474,Google,Plumbing Repair,3,neutral,Okay but can improve.,2025-07-14
R00475,Trustpilot,Fence Repair,4,positive,Excellent Fence Repair service!,2025-03-18
R00476,Yelp,Window Replacement,5,positive,,2024-03-20
R00477,Yelp,HVAC Servicing,3,neutral,Okay but can improve.,2025-04-02
R00478,Google,Window Replacement,3,neutral,Average experience.,2023-07-18
R00479,Google,Fence Repair,3,neutral,Okay but can improve.,2025-10-15
R00480,Yelp,Electrical Wiring,3,neutral,Okay but can improve.,2025-05-17
R00481,Trustpilot,Roof Repair,4,positive,Excellent Roof Repair service!,2023-02-25
R00482,Yelp,Lawn Maintenance,2,negative,Will not recommend.,2023-06-27
R00483,Yelp,Roof Repair,4,positive,Highly recommend!,2023-07-18
R00484,Trustpilot,Fence Repair,4,positive,Very professional Fence Repair.,2023-05-22
R00485,Google,Roof Repair,4,positive,,2025-06-07
R00486,Yelp,Painting,4,positive,Excellent Painting service!,2023-04-06
R00487,Yelp,Lawn Maintenance,3,neutral,Average experience.,2025-02-04
R00488,Yelp,HVAC Servicing,3,neutral,Average experience.,2024-10-01
R00489,Yelp,Lawn Maintenance,2,negative,Will not recommend.,2024-08-25
R00490,Google,Lawn Maintenance,3,neutral,Okay but can improve.,2023-05-18
R00491,Google,Plumbing Repair,3,neutral,Average experience.,2023-10-24
R00492,Google,Lawn Maintenance,5,positive,Very professional Lawn Maintenance.,2025-01-02
R00493,Yelp,Gutter Cleaning,4,positive,Very professional Gutter Cleaning.,2023-08-23
R00494,Google,Plumbing Repair,2,negative,Will not recommend.,2023-05-15
R00495,Google,Gutter Cleaning,2,negative,Poor quality service.,2024-07-18
R00496,Google,Plumbing Repair,5,positive,Excellent Plumbing Repair service!,2024-08-25
R00497,Trustpilot,Water Heater Installation,4,positive,Highly recommend!,2024-07-10
R00498,Google,HVAC Servicing,2,negative,,2024-08-27
R00499,Google,Electrical Wiring,3,neutral,Okay but can improve.,2025-08-06
R00500,Google,Gutter Cleaning,2,negative,Will not recommend.,2023-09-13
R00501,Trustpilot,Fence Repair,3,neutral,Okay but can improve.,2024-04-02
R00502,Trustpilot,Gutter Cleaning,4,positive,Highly recommend!,2024-06-26
R00503,Yelp,Lawn Maintenance,5,positive,Very professional Lawn Maintenance.,2024-12-02
R00504,Google,Window Replacement,2,negative,Will not recommend.,2024-06-30
R00505,Trustpilot,Electrical Wiring,3,neutral,Average experience.,2023-08-07
R00506,Google,Window Replacement,4,positive,Very professional Window Replacement.,2023-06-02
R00507,Google,Roof Repair,4,positive,Highly recommend!,2024-06-15
R00508,Trustpilot,Lawn Maintenance,5,positive,??? unclear ???,2024-09-25
R00509,Trustpilot,Lawn Maintenance,2,negative,Will not recommend.,2023-11-24
R00510,Google,Painting,4,positive,Excellent Painting service!,2025-06-21
R00511,Yelp,Gutter Cleaning,4,positive,Excellent Gutter Cleaning service!,2024-01-17
R00512,Yelp,HVAC Servicing,4,positive,Very professional HVAC Servicing.,2023-01-28
R00513,Trustpilot,HVAC Servicing,3,neutral,Okay but can improve.,2024-05-12
R00514,Yelp,HVAC Servicing,4,positive,Excellent HVAC Servicing service!,2023-07-07
R00515,Google,Painting,5,positive,Excellent Painting service!,2024-03-07
R00516,Google,Window Replacement,3,neutral,Okay but can improve.,2023-02-05
R00517,Trustpilot,Lawn Maintenance,4,positive,Highly recommend!,2023-11-03
R00518,Trustpilot,Window Replacement,3,neutral,Average experience.,2023-10-12
R00519,Google,Electrical Wiring,3,neutral,Okay but can improve.,2025-06-04
R00520,Yelp,Electrical Wiring,2,negative,,2024-06-10
R00521,Yelp,Window Replacement,3,neutral,Okay but can improve.,2025-02-07
R00522,Trustpilot,HVAC Servicing,4,positive,Excellent HVAC Servicing service!,2024-12-05
R00523,Google,Water Heater Installation,4,positive,Excellent Water Heater Installation service!,2023-10-10
R00524,Yelp,HVAC Servicing,3,neutral,Okay but can improve.,2024-05-25
R00525,Yelp,Window Replacement,4,positive,Excellent Window Replacement service!,2024-05-23
R00526,Google,HVAC Servicing,2,negative,Will not recommend.,2023-08-08
R00527,Google,Fence Repair,5,positive,Excellent Fence Repair service!,2025-07-13
R00528,Trustpilot,Water Heater Installation,1,negative,Will not recommend.,2023-07-25
R00529,Google,Fence Repair,2,negative,Will not recommend.,2023-11-16
R00530,Trustpilot,Painting,4,positive,Very professional Painting.,2025-01-10
R00531,Google,Electrical Wiring,4,positive,Excellent Electrical Wiring service!,2024-01-22
R00532,Yelp,Window Replacement,5,positive,Excellent Window Replacement service!,2023-10-25
R00533,Yelp,Roof Repair,4,positive,Highly recommend!,2023-06-16
R00534,Google,Plumbing Repair,4,positive,Highly recommend!,2023-04-09
R00535,Yelp,Lawn Maintenance,4,positive,Highly recommend!,2025-04-05
R00536,Yelp,Gutter Cleaning,1,negative,Poor quality service.,2025-06-03
R00537,Trustpilot,Painting,4,positive,,2023-05-18
R00538,Yelp,Window Replacement,5,positive,Excellent Window Replacement service!,2024-06-04
R00539,Yelp,Window Replacement,2,negative,Poor quality service.,2024-06-03
R00540,Yelp,Window Replacement,4,positive,Excellent Window Replacement service!,2025-08-19
R00541,Trustpilot,Water Heater Installation,2,negative,Will not recommend.,2023-02-05
R00542,Google,Electrical Wiring,4,positive,Very professional Electrical Wiring.,2023-10-03
R00543,Trustpilot,Gutter Cleaning,3,neutral,Okay but can improve.,2025-05-03
R00544,Trustpilot,Fence Repair,5,positive,Excellent Fence Repair service!,2024-03-14
R00545,Yelp,Roof Repair,4,positive,Very professional Roof Repair.,2024-09-15
R00546,Yelp,Lawn Maintenance,4,positive,Very professional Lawn Maintenance.,2023-03-12
R00547,Yelp,Plumbing Repair,4,positive,Highly recommend!,2025-07-27
R00548,Trustpilot,Window Replacement,4,positive,Highly recommend!,2024-10-23
R00549,Google,Roof Repair,4,positive,Highly recommend!,2025-07-18
R00550,Yelp,Plumbing Repair,4,positive,Highly recommend!,2023-11-04
R00551,Trustpilot,Fence Repair,2,negative,Will not recommend.,2025-10-07
R00552,Yelp,Plumbing Repair,4,positive,Excellent Plumbing Repair service!,2025-03-27
R00553,Google,HVAC Servicing,3,neutral,Okay but can improve.,2024-08-22
R00554,Trustpilot,Painting,2,negative,Poor quality service.,2024-02-23
R00555,Google,Plumbing Repair,3,neutral,Okay but can improve.,2024-03-05
R00556,Yelp,Lawn Maintenance,3,neutral,Average experience.,2025-07-01
R00557,Google,Water Heater Installation,4,positive,Excellent Water Heater Installation service!,2024-11-03
R00558,Google,HVAC Servicing,3,neutral,Average experience.,2025-10-09
R00559,Google,Window Replacement,3,neutral,Okay but can improve.,2025-04-05
R00560,Trustpilot,Electrical Wiring,4,positive,Highly recommend!,2024-01-08
R00561,Yelp,Roof Repair,4,positive,Excellent Roof Repair service!,2024-07-23
R00562,Yelp,Electrical Wiring,2,negative,Will not recommend.,2025-02-03
R00563,Google,Painting,3,neutral,Okay but can improve.,2024-04-29
R00564,Yelp,Window Replacement,4,positive,Very professional Window Replacement.,2024-11-03
R00565,Google,Roof Repair,3,neutral,Average experience.,2024-01-07
R00566,Yelp,Painting,4,positive,Highly recommend!,2023-03-07
R00567,Yelp,Water Heater Installation,4,positive,Excellent Water Heater Installation service!,2025-02-02
R00568,Trustpilot,Roof Repair,3,neutral,Average experience.,2024-06-16
R00569,Google,Gutter Cleaning,3,neutral,Okay but can improve.,2025-05-14
R00570,Google,Fence Repair,3,neutral,Average experience.,2024-08-30
R00571,Yelp,Fence Repair,5,positive,Excellent Fence Repair service!,2025-05-20
R00572,Trustpilot,Gutter Cleaning,5,positive,Very professional Gutter Cleaning.,2024-07-18
R00573,Trustpilot,Lawn Maintenance,3,neutral,Okay but can improve.,2025-01-17
R00574,Yelp,HVAC Servicing,3,neutral,Average experience.,2024-08-24
R00575,Trustpilot,Gutter Cleaning,3,neutral,Okay but can improve.,2025-04-22
R00576,Trustpilot,Lawn Maintenance,3,neutral,??? unclear ???,2023-02-23
R00577,Yelp,Fence Repair,4,positive,Highly recommend!,2025-08-04
R00578,Yelp,HVAC Servicing,4,positive,Highly recommend!,2024-02-21
R00579,Yelp,Electrical Wiring,1,negative,Will not recommend.,2025-05-30
R00580,Yelp,Gutter Cleaning,5,positive,Excellent Gutter Cleaning service!,2025-01-31
R00581,Google,Roof Repair,3,neutral,Average experience.,2025-01-19
R00582,Google,Window Replacement,2,negative,Poor quality service.,2023-06-18
R00583,Yelp,Plumbing Repair,3,neutral,Okay but can improve.,2024-02-16
R00584,Google,Lawn Maintenance,5,positive,Very professional Lawn Maintenance.,2024-10-28
R00585,Yelp,Water Heater Installation,4,positive,Excellent Water Heater Installation service!,2024-09-22
R00586,Google,Gutter Cleaning,3,neutral,Okay but can improve.,2025-03-09
R00587,Trustpilot,Electrical Wiring,3,neutral,Okay but can improve.,2024-12-31
R00588,Trustpilot,Electrical Wiring,2,negative,Poor quality service.,2023-07-05
R00589,Trustpilot,Gutter Cleaning,5,positive,Highly recommend!,2024-12-15
R00590,Trustpilot,Lawn Maintenance,4,positive,Very professional Lawn Maintenance.,2023-07-26
R00591,Trustpilot,Gutter Cleaning,5,positive,Excellent Gutter Cleaning service!,2023-06-30
R00592,Yelp,Water Heater Installation,4,positive,Highly recommend!,2025-06-12
R00593,Trustpilot,Lawn Maintenance,5,positive,Excellent Lawn Maintenance service!,2023-08-25
R00594,Yelp,Electrical Wiring,3,neutral,Average experience.,2024-10-05
R00595,Google,Lawn Maintenance,4,positive,Highly recommend!,2024-03-17
R00596,Trustpilot,HVAC Servicing,4,positive,Highly recommend!,2023-03-29
R00597,Yelp,Fence Repair,4,positive,Excellent Fence Repair service!,2024-08-18
R00598,Yelp,Lawn Maintenance,5,positive,Very professional Lawn Maintenance.,2024-06-27
R00599,Yelp,Roof Repair,3,neutral,Average experience.,2025-09-29
R00600,Trustpilot,Water Heater Installation,4,positive,Excellent Water Heater Installation service!,2023-05-11
R00601,Google,Roof Repair,2,negative,Will not recommend.,2024-12-08
R00602,Google,Roof Repair,2,negative,Will not recommend.,2023-05-22
R00603,Google,Water Heater Installation,4,positive,Excellent Water Heater Installation service!,2023-03-12
R00604,Trustpilot,Electrical Wiring,5,positive,Highly recommend!,2023-04-20
R00605,Google,Lawn Maintenance,5,positive,Excellent Lawn Maintenance service!,2024-05-06
R00606,Trustpilot,Roof Repair,3,neutral,Average experience.,2025-08-14
R00607,Trustpilot,Electrical Wiring,3,neutral,Average experience.,2023-06-20
R00608,Google,Electrical Wiring,2,negative,Will not recommend.,2024-10-02
R00609,Trustpilot,Roof Repair,4,positive,Highly recommend!,2025-03-21
R00610,Yelp,Water Heater Installation,4,positive,Excellent Water Heater Installation service!,2025-08-30
R00611,Google,Electrical Wiring,3,neutral,Average experience.,2023-02-02
R00612,Trustpilot,Fence Repair,4,positive,Very professional Fence Repair.,2023-12-07
R00613,Google,Lawn Maintenance,3,neutral,Okay but can improve.,2024-12-21
R00614,Google,Plumbing Repair,3,neutral,Average experience.,2023-03-10
R00615,Trustpilot,Window Replacement,3,neutral,Okay but can improve.,2023-04-30
R00616,Trustpilot,HVAC Servicing,3,neutral,Average experience.,2024-06-06
R00617,Trustpilot,HVAC Servicing,5,positive,Excellent HVAC Servicing service!,2023-03-27
R00618,Yelp,Electrical Wiring,4,positive,Excellent Electrical Wiring service!,2024-11-11
R00619,Google,Painting,2,negative,Poor quality service.,2025-04-26
R00620,Trustpilot,Lawn Maintenance,4,positive,Very professional Lawn Maintenance.,2023-03-03
R00621,Google,Electrical Wiring,4,positive,Excellent Electrical Wiring service!,2025-07-16
R00622,Yelp,Gutter Cleaning,5,positive,Very professional Gutter Cleaning.,2023-03-03
R00623,Google,Gutter Cleaning,2,negative,Will not recommend.,2024-04-23
R00624,Google,Plumbing Repair,4,positive,Highly recommend!,2023-02-26
R00625,Yelp,Window Replacement,3,neutral,Average experience.,2024-07-25
R00626,Yelp,Plumbing Repair,4,positive,Highly recommend!,2024-08-26
R00627,Yelp,Electrical Wiring,4,positive,Highly recommend!,2025-09-04
R00628,Yelp,Roof Repair,1,negative,Poor quality service.,2024-09-06
R00629,Google,Electrical Wiring,4,positive,Very professional Electrical Wiring.,2024-01-14
R00630,Yelp,Electrical Wiring,4,positive,Excellent Electrical Wiring service!,2023-09-19
R00631,Trustpilot,Water Heater Installation,4,positive,Highly recommend!,2024-05-28
R00632,Yelp,Electrical Wiring,2,negative,Will not recommend.,2025-02-08
R00633,Google,Water Heater Installation,3,neutral,Average experience.,2024-08-02
R00634,Trustpilot,HVAC Servicing,5,positive,Excellent HVAC Servicing service!,2025-03-23
R00635,Trustpilot,Painting,3,neutral,Average experience.,2023-12-14
R00636,Google,Window Replacement,4,positive,Excellent Window Replacement service!,2024-04-23
R00637,Google,HVAC Servicing,4,positive,Very professional HVAC Servicing.,2025-02-01
R00638,Yelp,Lawn Maintenance,5,positive,Very professional Lawn Maintenance.,2024-09-20
R00639,Trustpilot,Window Replacement,5,positive,Excellent Window Replacement service!,2023-12-29
R00640,Google,Lawn Maintenance,1,negative,Poor quality service.,2025-08-21
R00641,Yelp,Painting,3,neutral,??? unclear ???,2023-01-14
R00642,Google,Window Replacement,4,positive,Very professional Window Replacement.,2024-07-17
R00643,Yelp,Roof Repair,5,positive,Highly recommend!,2024-03-07
R00644,Trustpilot,Roof Repair,5,positive,Very professional Roof Repair.,2025-08-10
R00645,Google,Painting,4,positive,Highly recommend!,2025-08-16
R00646,Trustpilot,HVAC Servicing,4,positive,Very professional HVAC Servicing.,2024-06-02
R00647,Google,Gutter Cleaning,3,neutral,Average experience.,2024-07-12
R00648,Yelp,HVAC Servicing,4,positive,Very professional HVAC Servicing.,2024-05-01
R00649,Yelp,Electrical Wiring,2,negative,Poor quality service.,2024-03-29
R00650,Yelp,Fence Repair,4,positive,Very professional Fence Repair.,2024-03-12
R00651,Google,Water Heater Installation,4,positive,Very professional Water Heater Installation.,2023-03-15
R00652,Trustpilot,Plumbing Repair,4,positive,Very professional Plumbing Repair.,2023-04-16
R00653,Yelp,Plumbing Repair,2,negative,Poor quality service.,2025-03-07
R00654,Google,Plumbing Repair,3,neutral,Average experience.,2024-04-29
R00655,Trustpilot,Roof Repair,2,negative,Will not recommend.,2023-08-28
R00656,Yelp,Gutter Cleaning,5,positive,Highly recommend!,2023-05-28
R00657,Google,Gutter Cleaning,5,positive,Very professional Gutter Cleaning.,2024-09-29
R00658,Trustpilot,Fence Repair,4,positive,Excellent Fence Repair service!,2023-01-10
R00659,Trustpilot,Fence Repair,2,negative,Will not recommend.,2025-06-30
R00660,Yelp,Electrical Wiring,3,neutral,Average experience.,2023-03-05
R00661,Yelp,Gutter Cleaning,4,positive,Excellent Gutter Cleaning service!,2023-09-24
R00662,Yelp,Fence Repair,4,positive,Very professional Fence Repair.,2023-03-04
R00663,Yelp,Fence Repair,4,positive,Highly recommend!,2023-04-12
R00664,Yelp,Painting,4,positive,Very professional Painting.,2023-08-31
R00665,Yelp,Window Replacement,4,positive,Very professional Window Replacement.,2024-02-25
R00666,Google,Window Replacement,2,negative,Will not recommend.,2024-02-13
R00667,Yelp,Lawn Maintenance,4,positive,Excellent Lawn Maintenance service!,2024-09-03
R00668,Google,HVAC Servicing,2,negative,Poor quality service.,2025-01-01
R00669,Trustpilot,Roof Repair,4,positive,Excellent Roof Repair service!,2023-07-13
R00670,Trustpilot,Painting,1,negative,Will not recommend.,2025-08-30
R00671,Yelp,Electrical Wiring,5,positive,Very professional Electrical Wiring.,2025-07-12
R00672,Trustpilot,Lawn Maintenance,4,positive,Highly recommend!,2025-05-14
R00673,Google,Window Replacement,3,neutral,Okay but can improve.,2024-04-17
R00674,Trustpilot,Fence Repair,5,positive,Very professional Fence Repair.,2023-04-02
R00675,Yelp,Roof Repair,4,positive,Highly recommend!,2024-09-24
R00676,Trustpilot,Window Replacement,3,neutral,Okay but can improve.,2023-05-01
R00677,Google,Water Heater Installation,5,positive,Excellent Water Heater Installation service!,2023-03-24
R00678,Google,Roof Repair,4,positive,Excellent Roof Repair service!,2023-09-06
R00679,Trustpilot,Fence Repair,4,positive,Very professional Fence Repair.,2023-03-11
R00680,Yelp,Gutter Cleaning,4,positive,Highly recommend!,2024-09-12
R00681,Trustpilot,Fence Repair,4,positive,Highly recommend!,2024-06-21
R00682,Google,Window Replacement,4,positive,Highly recommend!,2025-05-24
R00683,Google,Roof Repair,4,positive,Highly recommend!,2023-02-28
R00684,Yelp,Fence Repair,3,neutral,Average experience.,2025-04-18
R00685,Trustpilot,HVAC Servicing,4,positive,Very professional HVAC Servicing.,2023-02-19
R00686,Trustpilot,Plumbing Repair,3,neutral,Average experience.,2025-05-26
R00687,Google,Water Heater Installation,4,positive,Highly recommend!,2023-12-06
R00688,Trustpilot,Plumbing Repair,4,positive,Very professional Plumbing Repair.,2024-02-23
R00689,Trustpilot,Water Heater Installation,3,neutral,Okay but can improve.,2023-01-04
R00690,Google,HVAC Servicing,3,neutral,Okay but can improve.,2024-06-13
R00691,Google,Window Replacement,4,positive,Excellent Window Replacement service!,2025-04-14
R00692,Trustpilot,HVAC Servicing,3,neutral,Okay but can improve.,2025-01-21
R00693,Trustpilot,Lawn Maintenance,4,positive,Highly recommend!,2025-02-25
R00694,Yelp,Window Replacement,4,positive,Excellent Window Replacement service!,2024-04-16
R00695,Yelp,Gutter Cleaning,3,neutral,Average experience.,2024-03-28
R00696,Yelp,Plumbing Repair,3,neutral,Average experience.,2024-08-18
R00697,Google,Plumbing Repair,3,neutral,Okay but can improve.,2025-04-21
R00698,Yelp,Electrical Wiring,5,positive,Highly recommend!,2025-03-06
R00699,Yelp,Electrical Wiring,3,neutral,Okay but can improve.,2023-05-20
R00700,Yelp,Roof Repair,2,negative,Will not recommend.,2025-02-18
R00701,Google,Roof Repair,2,negative,Poor quality service.,2023-12-03
R00702,Google,Roof Repair,4,positive,Excellent Roof Repair service!,2023-04-29
R00703,Google,Window Replacement,3,neutral,Okay but can improve.,2023-05-08
R00704,Yelp,Gutter Cleaning,2,negative,Will not recommend.,2024-04-03
R00705,Yelp,Plumbing Repair,3,neutral,Okay but can improve.,2025-01-28
R00706,Google,HVAC Servicing,5,positive,Excellent HVAC Servicing service!,2023-07-29
R00707,Google,Electrical Wiring,4,positive,Very professional Electrical Wiring.,2025-09-20
R00708,Trustpilot,Painting,2,negative,Will not recommend.,2025-05-08
R00709,Google,Fence Repair,1,negative,Will not recommend.,2025-07-23
R00710,Yelp,Water Heater Installation,5,positive,,2023-08-12
R00711,Google,Fence Repair,2,negative,Will not recommend.,2025-09-16
R00712,Google,Plumbing Repair,3,neutral,Okay but can improve.,2023-09-20
R00713,Trustpilot,Gutter Cleaning,3,neutral,Average experience.,2025-07-01
R00714,Google,Gutter Cleaning,2,negative,Will not recommend.,2024-07-04
R00715,Google,Lawn Maintenance,4,positive,Excellent Lawn Maintenance service!,2023-05-27
R00716,Google,Plumbing Repair,2,negative,Poor quality service.,2025-07-21
R00717,Google,HVAC Servicing,3,neutral,Okay but can improve.,2025-08-16
R00718,Google,Lawn Maintenance,5,positive,Very professional Lawn Maintenance.,2024-11-06
R00719,Trustpilot,Water Heater Installation,3,neutral,Okay but can improve.,2024-08-09
R00720,Trustpilot,HVAC Servicing,3,neutral,Okay but can improve.,2023-11-17
R00721,Google,Fence Repair,2,negative,Will not recommend.,2025-06-25
R00722,Yelp,Window Replacement,1,negative,Poor quality service.,2024-01-12
R00723,Google,Plumbing Repair,5,positive,Very professional Plumbing Repair.,2025-05-19
R00724,Yelp,Window Replacement,4,positive,Excellent Window Replacement service!,2024-03-09
R00725,Trustpilot,HVAC Servicing,4,positive,Very professional HVAC Servicing.,2025-04-01
R00726,Yelp,Window Replacement,3,neutral,Average experience.,2025-05-22
R00727,Google,Roof Repair,4,positive,Highly recommend!,2023-12-21
R00728,Google,Electrical Wiring,5,positive,Excellent Electrical Wiring service!,2025-06-16
R00729,Google,Gutter Cleaning,4,positive,Very professional Gutter Cleaning.,2024-06-08
R00730,Google,Roof Repair,4,positive,Excellent Roof Repair service!,2023-12-04
R00731,Google,Fence Repair,4,positive,Highly recommend!,2023-03-02
R00732,Trustpilot,Window Replacement,2,negative,Poor quality service.,2024-12-10
R00733,Yelp,Water Heater Installation,3,neutral,Average experience.,2024-05-10
R00734,Yelp,Water Heater Installation,1,negative,Poor quality service.,2024-06-22
R00735,Google,Gutter Cleaning,3,neutral,Okay but can improve.,2025-05-04
R00736,Google,Water Heater Installation,2,negative,Will not recommend.,2023-03-11
R00737,Google,Fence Repair,5,positive,Excellent Fence Repair service!,2025-09-01
R00738,Yelp,HVAC Servicing,4,positive,Highly recommend!,2023-02-26
R00739,Yelp,Fence Repair,5,positive,Highly recommend!,2023-09-29
R00740,Google,Window Replacement,3,neutral,Average experience.,2025-04-02
R00741,Trustpilot,Fence Repair,5,positive,Excellent Fence Repair service!,2025-05-06
R00742,Yelp,Water Heater Installation,4,positive,Excellent Water Heater Installation service!,2025-03-13
R00743,Google,Gutter Cleaning,5,positive,Very professional Gutter Cleaning.,2025-08-11
R00744,Yelp,Painting,3,neutral,Average experience.,2023-10-09
R00745,Google,Plumbing Repair,3,neutral,Okay but can improve.,2024-12-05
R00746,Trustpilot,HVAC Servicing,4,positive,Highly recommend!,2025-09-10
R00747,Google,Electrical Wiring,4,positive,Highly recommend!,2024-04-12
R00748,Google,Fence Repair,3,neutral,Okay but can improve.,2023-11-18
R00749,Yelp,Water Heater Installation,2,negative,Poor quality service.,2023-11-17
R00750,Trustpilot,Fence Repair,5,positive,Excellent Fence Repair service!,2025-05-12
R00751,Trustpilot,Roof Repair,2,negative,Poor quality service.,2024-07-05
R00752,Trustpilot,Water Heater Installation,4,positive,Excellent Water Heater Installation service!,2023-06-15
R00753,Google,Plumbing Repair,4,positive,Very professional Plumbing Repair.,2025-09-11
R00754,Trustpilot,Roof Repair,1,negative,Will not recommend.,2023-12-03
R00755,Google,Painting,4,positive,Very professional Painting.,2023-01-04
R00756,Google,Electrical Wiring,4,positive,Excellent Electrical Wiring service!,2025-09-14
R00757,Trustpilot,Water Heater Installation,4,positive,Highly recommend!,2023-07-03
R00758,Trustpilot,Gutter Cleaning,4,positive,Very professional Gutter Cleaning.,2024-10-25
R00759,Google,Lawn Maintenance,2,negative,Will not recommend.,2024-08-08
R00760,Yelp,Fence Repair,4,positive,Excellent Fence Repair service!,2025-09-03
R00761,Trustpilot,Window Replacement,3,neutral,Average experience.,2023-11-14
R00762,Yelp,Gutter Cleaning,3,neutral,Okay but can improve.,2024-10-21
R00763,Google,Water Heater Installation,3,neutral,Average experience.,2023-08-16
R00764,Google,Electrical Wiring,5,positive,Highly recommend!,2024-10-01
R00765,Yelp,Gutter Cleaning,3,neutral,Average experience.,2023-09-25
R00766,Google,HVAC Servicing,3,neutral,Average experience.,2025-07-29
R00767,Yelp,Electrical Wiring,5,positive,Very professional Electrical Wiring.,2023-04-19
R00768,Google,Gutter Cleaning,2,negative,Will not recommend.,2023-12-10
R00769,Google,Lawn Maintenance,3,neutral,Okay but can improve.,2023-04-30
R00770,Yelp,Plumbing Repair,5,positive,Highly recommend!,2023-09-24
R00771,Yelp,Water Heater Installation,4,positive,Very professional Water Heater Installation.,2024-01-01
R00772,Yelp,Water Heater Installation,3,neutral,Okay but can improve.,2023-02-03
R00773,Google,Painting,2,negative,Poor quality service.,2024-10-22
R00774,Google,Plumbing Repair,4,positive,Very professional Plumbing Repair.,2023-10-01
R00775,Yelp,Window Replacement,2,negative,Poor quality service.,2024-03-10
R00776,Yelp,Painting,5,positive,Very professional Painting.,2024-05-22
R00777,Google,Electrical Wiring,4,positive,Excellent Electrical Wiring service!,2024-12-20
R00778,Yelp,Lawn Maintenance,3,neutral,Okay but can improve.,2024-03-18
R00779,Google,Painting,4,positive,Very professional Painting.,2023-12-27
R00780,Trustpilot,Fence Repair,5,positive,Highly recommend!,2023-05-20
R00781,Trustpilot,Electrical Wiring,4,positive,Excellent Electrical Wiring service!,2025-09-07
R00782,Trustpilot,Electrical Wiring,3,neutral,Average experience.,2023-09-11
R00783,Yelp,Window Replacement,4,positive,Highly recommend!,2025-07-28
R00784,Trustpilot,Roof Repair,5,positive,Highly recommend!,2025-06-26
R00785,Google,Plumbing Repair,5,positive,Highly recommend!,2023-06-13
R00786,Yelp,Window Replacement,3,neutral,Okay but can improve.,2024-05-12
R00787,Google,Lawn Maintenance,4,positive,Excellent Lawn Maintenance service!,2024-05-22
R00788,Trustpilot,Electrical Wiring,4,positive,Excellent Electrical Wiring service!,2023-08-09
R00789,Google,HVAC Servicing,3,neutral,Average experience.,2023-07-13
R00790,Yelp,Water Heater Installation,3,neutral,Okay but can improve.,2025-04-18
R00791,Yelp,Window Replacement,5,positive,Highly recommend!,2023-05-25
R00792,Trustpilot,Fence Repair,4,positive,Excellent Fence Repair service!,2024-03-12
R00793,Yelp,Fence Repair,5,positive,Very professional Fence Repair.,2023-10-31
R00794,Google,Fence Repair,2,negative,Poor quality service.,2025-09-07
R00795,Yelp,Painting,3,neutral,Okay but can improve.,2023-04-28
R00796,Yelp,Window Replacement,3,neutral,Okay but can improve.,2023-10-05
R00797,Yelp,Window Replacement,3,neutral,Okay but can improve.,2024-05-02
R00798,Yelp,Lawn Maintenance,3,neutral,Okay but can improve.,2023-02-13
R00799,Google,Painting,3,neutral,Average experience.,2025-07-10
R00800,Google,Gutter Cleaning,5,positive,Very professional Gutter Cleaning.,2024-05-26
R00801,Yelp,Electrical Wiring,3,neutral,Average experience.,2024-01-30
R00802,Trustpilot,Window Replacement,3,neutral,Okay but can improve.,2023-10-06
R00803,Google,Painting,4,positive,Highly recommend!,2025-08-26
R00804,Google,Gutter Cleaning,5,positive,Highly recommend!,2024-01-23
R00805,Google,Roof Repair,2,negative,Will not recommend.,2024-05-19
R00806,Google,Plumbing Repair,4,positive,Very professional Plumbing Repair.,2023-06-21
R00807,Trustpilot,Window Replacement,3,neutral,Okay but can improve.,2025-09-18
R00808,Trustpilot,HVAC Servicing,2,negative,Will not recommend.,2025-10-12
R00809,Google,Fence Repair,3,neutral,Average experience.,2023-02-20
R00810,Yelp,Plumbing Repair,3,neutral,Average experience.,2025-09-29
R00811,Yelp,Electrical Wiring,4,positive,Highly recommend!,2023-02-13
R00812,Google,Gutter Cleaning,1,negative,Will not recommend.,2025-03-21
R00813,Google,Gutter Cleaning,3,neutral,Okay but can improve.,2023-05-25
R00814,Trustpilot,Roof Repair,5,positive,Highly recommend!,2024-09-06
R00815,Trustpilot,Fence Repair,5,positive,Very professional Fence Repair.,2024-02-06
R00816,Yelp,Fence Repair,3,neutral,Average experience.,2023-05-11
R00817,Trustpilot,Window Replacement,2,negative,Poor quality service.,2024-08-14
R00818,Trustpilot,Electrical Wiring,3,neutral,Okay but can improve.,2024-12-19
R00819,Trustpilot,HVAC Servicing,4,positive,Highly recommend!,2023-02-22
R00820,Trustpilot,HVAC Servicing,4,positive,Highly recommend!,2023-11-04
R00821,Trustpilot,Electrical Wiring,4,positive,Highly recommend!,2025-02-14
R00822,Trustpilot,Painting,4,positive,Excellent Painting service!,2023-10-10
R00823,Yelp,Water Heater Installation,4,positive,Highly recommend!,2025-07-25
R00824,Google,Electrical Wiring,4,positive,Highly recommend!,2024-06-18
R00825,Google,Plumbing Repair,4,positive,Highly recommend!,2023-10-04
R00826,Yelp,Water Heater Installation,5,positive,Excellent Water Heater Installation service!,2024-12-20
R00827,Yelp,Plumbing Repair,3,neutral,Average experience.,2025-02-08
R00828,Trustpilot,Water Heater Installation,2,negative,Poor quality service.,2024-07-06
R00829,Yelp,Painting,5,positive,Excellent Painting service!,2024-06-07
R00830,Google,Electrical Wiring,5,positive,Highly recommend!,2024-02-10
R00831,Yelp,Roof Repair,5,positive,Excellent Roof Repair service!,2025-08-10
R00832,Google,Fence Repair,3,neutral,Average experience.,2024-07-29
R00833,Google,HVAC Servicing,4,positive,Highly recommend!,2023-05-11
R00834,Yelp,Lawn Maintenance,4,positive,Excellent Lawn Maintenance service!,2024-02-14
R00835,Yelp,Roof Repair,2,negative,Poor quality service.,2023-12-18
R00836,Yelp,Painting,3,neutral,Okay but can improve.,2024-09-18
R00837,Yelp,Gutter Cleaning,3,neutral,Average experience.,2025-02-12
R00838,Yelp,Electrical Wiring,3,neutral,Okay but can improve.,2025-09-24
R00839,Yelp,Lawn Maintenance,4,positive,Excellent Lawn Maintenance service!,2024-12-16
R00840,Google,Plumbing Repair,3,neutral,Okay but can improve.,2024-01-10
R00841,Google,HVAC Servicing,3,neutral,Okay but can improve.,2024-08-29
R00842,Yelp,Roof Repair,4,positive,Very professional Roof Repair.,2024-07-15
R00843,Yelp,Electrical Wiring,3,neutral,Average experience.,2023-06-04
R00844,Yelp,Fence Repair,2,negative,Poor quality service.,2023-03-19
R00845,Google,HVAC Servicing,3,neutral,Average experience.,2025-09-09
R00846,Yelp,Gutter Cleaning,4,positive,Highly recommend!,2025-08-06
R00847,Trustpilot,Lawn Maintenance,4,positive,Highly recommend!,2023-09-02
R00848,Google,Window Replacement,4,positive,Highly recommend!,2023-05-08
R00849,Google,Lawn Maintenance,1,negative,Poor quality service.,2025-01-21
R00850,Trustpilot,Electrical Wiring,3,neutral,Okay but can improve.,2023-10-12
R00851,Google,Plumbing Repair,4,positive,Very professional Plumbing Repair.,2023-09-16
R00852,Google,Roof Repair,3,neutral,Okay but can improve.,2023-06-18
R00853,Trustpilot,Gutter Cleaning,3,neutral,Okay but can improve.,2023-08-06
R00854,Google,Lawn Maintenance,2,negative,Will not recommend.,2024-01-29
R00855,Trustpilot,Plumbing Repair,2,negative,Poor quality service.,2023-11-24
R00856,Yelp,Water Heater Installation,3,neutral,Average experience.,2024-08-30
R00857,Yelp,Painting,3,neutral,Average experience.,2023-10-20
R00858,Google,Fence Repair,3,neutral,Average experience.,2023-06-11
R00859,Yelp,Water Heater Installation,4,positive,Very professional Water Heater Installation.,2023-06-02
R00860,Google,Gutter Cleaning,4,positive,Highly recommend!,2023-09-08
R00861,Yelp,Roof Repair,4,positive,,2023-08-30
R00862,Trustpilot,Lawn Maintenance,4,positive,Very professional Lawn Maintenance.,2023-02-15
R00863,Google,Roof Repair,3,neutral,Average experience.,2023-06-03
R00864,Yelp,Fence Repair,3,neutral,Okay but can improve.,2023-04-13
R00865,Trustpilot,Fence Repair,3,neutral,Okay but can improve.,2024-06-24
R00866,Yelp,Roof Repair,4,positive,Highly recommend!,2023-10-06
R00867,Yelp,Electrical Wiring,3,neutral,Average experience.,2023-01-26
R00868,Trustpilot,Window Replacement,3,neutral,Average experience.,2025-01-18
R00869,Google,Gutter Cleaning,3,neutral,Average experience.,2023-10-23
R00870,Yelp,Lawn Maintenance,4,positive,Excellent Lawn Maintenance service!,2025-04-11
R00871,Trustpilot,Lawn Maintenance,5,positive,Very professional Lawn Maintenance.,2025-10-01
R00872,Yelp,Roof Repair,4,positive,Highly recommend!,2024-05-19
R00873,Google,HVAC Servicing,3,neutral,Average experience.,2024-06-09
R00874,Google,Gutter Cleaning,4,positive,Excellent Gutter Cleaning service!,2023-02-01
R00875,Google,Window Replacement,2,negative,Will not recommend.,2025-02-25
R00876,Trustpilot,Painting,4,positive,Highly recommend!,2023-02-06
R00877,Trustpilot,Plumbing Repair,3,neutral,Average experience.,2024-09-17
R00878,Yelp,Roof Repair,3,neutral,Okay but can improve.,2024-03-25
R00879,Yelp,Gutter Cleaning,4,positive,Excellent Gutter Cleaning service!,2023-10-10
R00880,Yelp,HVAC Servicing,3,neutral,Okay but can improve.,2025-02-27
R00881,Yelp,Window Replacement,5,positive,Very professional Window Replacement.,2023-10-07
R00882,Google,Painting,4,positive,Highly recommend!,2025-07-14
R00883,Google,Fence Repair,4,positive,,2023-05-31
R00884,Trustpilot,Water Heater Installation,4,positive,Excellent Water Heater Installation service!,2023-06-17
R00885,Google,Roof Repair,3,neutral,Okay but can improve.,2024-06-29
R00886,Google,Roof Repair,3,neutral,Okay but can improve.,2024-11-20
R00887,Yelp,HVAC Servicing,3,neutral,Okay but can improve.,2024-10-15
R00888,Yelp,Roof Repair,4,positive,Highly recommend!,2023-12-15
R00889,Google,Electrical Wiring,4,positive,Highly recommend!,2023-07-20
R00890,Google,Electrical Wiring,5,positive,Very professional Electrical Wiring.,2023-12-04
R00891,Google,Roof Repair,3,neutral,Average experience.,2025-05-30
R00892,Yelp,Water Heater Installation,4,positive,Very professional Water Heater Installation.,2025-08-18
R00893,Trustpilot,Water Heater Installation,2,negative,Will not recommend.,2024-03-31
R00894,Yelp,HVAC Servicing,4,positive,Excellent HVAC Servicing service!,2023-12-29
R00895,Google,Fence Repair,2,negative,Will not recommend.,2023-04-06
R00896,Trustpilot,HVAC Servicing,3,neutral,Average experience.,2024-10-29
R00897,Google,Gutter Cleaning,3,neutral,Average experience.,2025-03-19
R00898,Google,Roof Repair,2,negative,Will not recommend.,2024-02-09
R00899,Trustpilot,Lawn Maintenance,3,neutral,Okay but can improve.,2023-12-11
R00900,Google,Plumbing Repair,4,positive,Excellent Plumbing Repair service!,2023-12-10
R00901,Yelp,Gutter Cleaning,1,negative,Poor quality service.,2025-02-18
R00902,Trustpilot,Plumbing Repair,4,positive,Highly recommend!,2023-09-06
R00903,Google,Painting,4,positive,,2025-07-05
R00904,Yelp,Roof Repair,5,positive,Excellent Roof Repair service!,2025-04-21
R00905,Google,Lawn Maintenance,3,neutral,Average experience.,2023-05-16
R00906,Google,Plumbing Repair,4,positive,Very professional Plumbing Repair.,2023-08-22
R00907,Google,Gutter Cleaning,5,positive,Excellent Gutter Cleaning service!,2024-10-07
R00908,Google,Water Heater Installation,3,neutral,Okay but can improve.,2024-07-05
R00909,Trustpilot,Water Heater Installation,4,positive,Highly recommend!,2024-12-13
R00910,Yelp,Water Heater Installation,5,positive,Excellent Water Heater Installation service!,2023-01-01
R00911,Google,Fence Repair,5,positive,Highly recommend!,2024-09-29
R00912,Yelp,Water Heater Installation,3,neutral,Okay but can improve.,2025-04-01
R00913,Trustpilot,Roof Repair,3,neutral,Okay but can improve.,2023-11-17
R00914,Trustpilot,Water Heater Installation,3,neutral,Average experience.,2024-08-12
R00915,Trustpilot,Lawn Maintenance,3,neutral,Okay but can improve.,2024-08-10
R00916,Google,Electrical Wiring,5,positive,Excellent Electrical Wiring service!,2023-05-12
R00917,Trustpilot,Window Replacement,4,positive,Very professional Window Replacement.,2024-08-18
R00918,Trustpilot,Roof Repair,2,negative,Poor quality service.,2023-11-24
R00919,Trustpilot,Plumbing Repair,3,neutral,,2023-05-30
R00920,Yelp,Fence Repair,5,positive,Excellent Fence Repair service!,2023-05-12
R00921,Trustpilot,Window Replacement,4,positive,Very professional Window Replacement.,2024-09-13
R00922,Trustpilot,Painting,3,neutral,Okay but can improve.,2023-07-15
R00923,Google,Lawn Maintenance,1,negative,Poor quality service.,2025-05-14
R00924,Trustpilot,Roof Repair,5,positive,Excellent Roof Repair service!,2025-05-17
R00925,Yelp,Water Heater Installation,5,positive,Excellent Water Heater Installation service!,2023-07-26
R00926,Google,Lawn Maintenance,4,positive,Highly recommend!,2024-12-08
R00927,Trustpilot,Water Heater Installation,3,neutral,Average experience.,2025-04-25
R00928,Trustpilot,Electrical Wiring,3,neutral,Okay but can improve.,2024-01-25
R00929,Trustpilot,Painting,3,neutral,Average experience.,2025-10-01
R00930,Yelp,Electrical Wiring,3,neutral,Average experience.,2025-10-15
R00931,Yelp,Water Heater Installation,4,positive,Highly recommend!,2025-03-04
R00932,Yelp,Painting,4,positive,Very professional Painting.,2024-09-11
R00933,Google,Lawn Maintenance,4,positive,Highly recommend!,2024-03-01
R00934,Trustpilot,HVAC Servicing,4,positive,Very professional HVAC Servicing.,2024-07-28
R00935,Yelp,Lawn Maintenance,3,neutral,Average experience.,2023-02-23
R00936,Google,Gutter Cleaning,5,positive,Excellent Gutter Cleaning service!,2023-10-16
R00937,Google,Fence Repair,3,neutral,Average experience.,2023-07-11
R00938,Yelp,Lawn Maintenance,3,neutral,Average experience.,2025-01-30
R00939,Trustpilot,Plumbing Repair,4,positive,Highly recommend!,2025-03-01
R00940,Yelp,Gutter Cleaning,3,neutral,Average experience.,2025-07-23
R00941,Google,Window Replacement,4,positive,Excellent Window Replacement service!,2024-12-11
R00942,Trustpilot,Painting,3,neutral,Okay but can improve.,2023-09-09
R00943,Google,Electrical Wiring,4,positive,Very professional Electrical Wiring.,2023-08-06
R00944,Trustpilot,Gutter Cleaning,2,negative,Poor quality service.,2023-04-14
R00945,Trustpilot,Lawn Maintenance,4,positive,Highly recommend!,2023-01-09
R00946,Trustpilot,Painting,2,negative,Will not recommend.,2023-06-15
R00947,Google,Gutter Cleaning,5,positive,Excellent Gutter Cleaning service!,2025-01-25
R00948,Google,Water Heater Installation,3,neutral,Okay but can improve.,2023-02-04
R00949,Google,Electrical Wiring,3,neutral,Okay but can improve.,2023-06-01
R00950,Trustpilot,Gutter Cleaning,2,negative,Poor quality service.,2024-12-30
R00951,Google,Gutter Cleaning,3,neutral,Average experience.,2023-05-10
R00952,Google,Electrical Wiring,2,negative,Poor quality service.,2025-09-17
R00953,Google,HVAC Servicing,3,neutral,Average experience.,2025-07-25
R00954,Google,Water Heater Installation,3,neutral,Okay but can improve.,2025-04-07
R00955,Yelp,Gutter Cleaning,5,positive,Highly recommend!,2024-05-08
R00956,Yelp,Plumbing Repair,5,positive,Highly recommend!,2024-10-17
R00957,Trustpilot,Lawn Maintenance,4,positive,Excellent Lawn Maintenance service!,2024-08-18
R00958,Trustpilot,Fence Repair,2,negative,Will not recommend.,2025-05-03
R00959,Yelp,Water Heater Installation,4,positive,Highly recommend!,2025-04-23
R00960,Google,Roof Repair,4,positive,Excellent Roof Repair service!,2023-02-21
R00961,Yelp,Window Replacement,2,negative,Will not recommend.,2023-07-25
R00962,Trustpilot,Electrical Wiring,2,negative,Will not recommend.,2023-05-23
R00963,Google,Lawn Maintenance,3,neutral,Okay but can improve.,2023-12-01
R00964,Google,Roof Repair,5,positive,Very professional Roof Repair.,2023-03-23
R00965,Yelp,Painting,4,positive,Highly recommend!,2023-07-02
R00966,Google,HVAC Servicing,2,negative,Will not recommend.,2025-08-24
R00967,Google,Water Heater Installation,4,positive,Excellent Water Heater Installation service!,2023-08-22
R00968,Yelp,Lawn Maintenance,4,positive,Very professional Lawn Maintenance.,2023-02-10
R00969,Trustpilot,Window Replacement,3,neutral,Okay but can improve.,2025-07-18
R00970,Yelp,Painting,3,neutral,Average experience.,2023-03-27
R00971,Trustpilot,Fence Repair,3,neutral,Okay but can improve.,2025-02-03
R00972,Google,Window Replacement,5,positive,Very professional Window Replacement.,2023-01-10
R00973,Yelp,Electrical Wiring,3,neutral,Average experience.,2024-03-22
R00974,Yelp,Gutter Cleaning,4,positive,Highly recommend!,2025-03-13
R00975,Google,Water Heater Installation,3,neutral,Average experience.,2025-08-06
R00976,Google,Fence Repair,4,positive,Very professional Fence Repair.,2023-06-16
R00977,Trustpilot,Lawn Maintenance,5,positive,Very professional Lawn Maintenance.,2024-05-07
R00978,Trustpilot,HVAC Servicing,2,negative,Will not recommend.,2024-06-27
R00979,Yelp,Roof Repair,3,neutral,Average experience.,2024-09-06
R00980,Yelp,Electrical Wiring,4,positive,Excellent Electrical Wiring service!,2023-04-15
R00981,Trustpilot,Roof Repair,2,negative,Poor quality service.,2023-01-07
R00982,Trustpilot,Lawn Maintenance,4,positive,Very professional Lawn Maintenance.,2025-04-23
R00983,Trustpilot,Fence Repair,5,positive,Highly recommend!,2023-05-10
R00984,Trustpilot,Lawn Maintenance,2,negative,Poor quality service.,2025-08-12
R00985,Trustpilot,Roof Repair,5,positive,Very professional Roof Repair.,2024-06-26
R00986,Google,Water Heater Installation,3,neutral,??? unclear ???,2023-10-08
R00987,Trustpilot,Lawn Maintenance,5,positive,Excellent Lawn Maintenance service!,2023-08-22
R00988,Google,Painting,4,positive,Excellent Painting service!,2024-03-03
R00989,Google,Painting,4,positive,Excellent Painting service!,2023-05-05
R00990,Trustpilot,Painting,2,negative,Will not recommend.,2025-09-02
R00991,Google,Lawn Maintenance,2,negative,Poor quality service.,2024-01-07
R00992,Yelp,Water Heater Installation,2,negative,Will not recommend.,2025-02-12
R00993,Yelp,Fence Repair,3,neutral,Okay but can improve.,2023-01-13
R00994,Google,Water Heater Installation,3,neutral,Average experience.,2024-01-01
R00995,Yelp,Electrical Wiring,5,positive,Very professional Electrical Wiring.,2023-09-01
R00996,Google,Painting,3,neutral,Average experience.,2023-01-29
R00997,Yelp,Gutter Cleaning,3,neutral,Average experience.,2025-10-15
R00998,Trustpilot,Window Replacement,4,positive,Highly recommend!,2025-08-12
R00999,Google,Window Replacement,4,positive,Highly recommend!,2025-09-10
R01000,Google,Window Replacement,3,neutral,Average experience.,2024-12-22
R01001,Yelp,Electrical Wiring,5,positive,Highly recommend!,2024-02-26
R01002,Yelp,Painting,3,neutral,Okay but can improve.,2025-08-27
R01003,Google,Gutter Cleaning,3,neutral,Average experience.,2025-04-25
R01004,Trustpilot,Water Heater Installation,4,positive,Highly recommend!,2024-07-22
R01005,Yelp,Fence Repair,1,negative,Will not recommend.,2023-04-24
R01006,Yelp,Electrical Wiring,4,positive,Very professional Electrical Wiring.,2024-11-10
R01007,Google,Water Heater Installation,4,positive,Excellent Water Heater Installation service!,2023-10-15
R01008,Trustpilot,Fence Repair,4,positive,Very professional Fence Repair.,2025-08-01
R01009,Yelp,Gutter Cleaning,4,positive,Highly recommend!,2024-08-22
R01010,Yelp,Fence Repair,5,positive,,2023-11-06
R01011,Trustpilot,Water Heater Installation,4,positive,Excellent Water Heater Installation service!,2025-07-30
R01012,Yelp,Water Heater Installation,4,positive,Highly recommend!,2024-11-24
R01013,Google,Plumbing Repair,5,positive,Highly recommend!,2025-09-03
R01014,Yelp,Lawn Maintenance,4,positive,Very professional Lawn Maintenance.,2024-12-16
R01015,Yelp,Painting,5,positive,Highly recommend!,2025-09-25
R01016,Trustpilot,Painting,3,neutral,Average experience.,2023-12-07
R01017,Yelp,Painting,4,positive,Very professional Painting.,2024-01-24
R01018,Yelp,Roof Repair,4,positive,Very professional Roof Repair.,2025-04-10
R01019,Trustpilot,Fence Repair,3,neutral,Average experience.,2023-02-11
R01020,Google,Plumbing Repair,4,positive,Excellent Plumbing Repair service!,2024-05-17
R01021,Trustpilot,Water Heater Installation,2,negative,Poor quality service.,2024-01-06
R01022,Trustpilot,Lawn Maintenance,3,neutral,Average experience.,2023-08-29
R01023,Google,Fence Repair,3,neutral,Okay but can improve.,2023-06-27
R01024,Yelp,Plumbing Repair,3,neutral,Okay but can improve.,2025-02-04
R01025,Google,HVAC Servicing,3,neutral,Okay but can improve.,2023-06-12
R01026,Trustpilot,Electrical Wiring,5,positive,Very professional Electrical Wiring.,2024-10-13
R01027,Yelp,Plumbing Repair,3,neutral,Okay but can improve.,2023-05-18
R01028,Yelp,Water Heater Installation,5,positive,Very professional Water Heater Installation.,2024-08-09
R01029,Google,Gutter Cleaning,4,positive,Excellent Gutter Cleaning service!,2025-04-06
R01030,Google,Plumbing Repair,3,neutral,Average experience.,2023-07-16
R01031,Yelp,Plumbing Repair,3,neutral,Average experience.,2023-07-25
R01032,Yelp,Plumbing Repair,2,negative,Will not recommend.,2024-08-01
R01033,Trustpilot,Plumbing Repair,4,positive,Excellent Plumbing Repair service!,2024-10-14
R01034,Google,Electrical Wiring,2,negative,Poor quality service.,2025-05-10
R01035,Google,HVAC Servicing,5,positive,Excellent HVAC Servicing service!,2023-09-10
R01036,Trustpilot,Gutter Cleaning,5,positive,Very professional Gutter Cleaning.,2023-03-05
R01037,Trustpilot,Window Replacement,3,neutral,Okay but can improve.,2024-01-15
R01038,Google,HVAC Servicing,3,neutral,Okay but can improve.,2025-05-03
R01039,Yelp,Lawn Maintenance,2,negative,Poor quality service.,2024-07-24
R01040,Google,Electrical Wiring,3,neutral,Okay but can improve.,2023-07-24
R01041,Trustpilot,Electrical Wiring,3,neutral,Okay but can improve.,2023-10-19
R01042,Trustpilot,Painting,2,negative,Poor quality service.,2024-03-18
R01043,Yelp,Water Heater Installation,3,neutral,Okay but can improve.,2023-10-05
R01044,Google,Water Heater Installation,3,neutral,,2024-11-12
R01045,Yelp,Water Heater Installation,4,positive,Excellent Water Heater Installation service!,2024-02-13
R01046,Google,HVAC Servicing,4,positive,Excellent HVAC Servicing service!,2024-02-15
R01047,Yelp,HVAC Servicing,3,neutral,Okay but can improve.,2025-05-11
R01048,Yelp,Roof Repair,3,neutral,,2023-10-07
R01049,Trustpilot,Lawn Maintenance,2,negative,Poor quality service.,2025-03-15
R01050,Google,Painting,5,positive,Very professional Painting.,2023-05-28
R01051,Trustpilot,Roof Repair,3,neutral,Okay but can improve.,2024-03-25
R01052,Yelp,Gutter Cleaning,3,neutral,Average experience.,2025-02-24
R01053,Google,Plumbing Repair,3,neutral,Okay but can improve.,2023-10-05
R01054,Google,HVAC Servicing,2,negative,Will not recommend.,2024-10-14
R01055,Google,Window Replacement,4,positive,Very professional Window Replacement.,2024-10-02
R01056,Yelp,Fence Repair,5,positive,Excellent Fence Repair service!,2024-11-15
R01057,Trustpilot,Roof Repair,3,neutral,Average experience.,2023-07-10
R01058,Yelp,Roof Repair,2,negative,Will not recommend.,2025-08-26
R01059,Trustpilot,Roof Repair,4,positive,Excellent Roof Repair service!,2024-03-16
R01060,Yelp,Plumbing Repair,2,negative,Poor quality service.,2023-01-06
R01061,Yelp,Roof Repair,4,positive,Very professional Roof Repair.,2023-02-27
R01062,Trustpilot,Lawn Maintenance,2,negative,Poor quality service.,2024-10-07
R01063,Google,Fence Repair,4,positive,Very professional Fence Repair.,2023-09-10
R01064,Google,Fence Repair,3,neutral,Okay but can improve.,2024-03-05
R01065,Google,Gutter Cleaning,5,positive,Excellent Gutter Cleaning service!,2023-04-03
R01066,Trustpilot,Water Heater Installation,2,negative,,2024-03-21
R01067,Yelp,Plumbing Repair,2,negative,Poor quality service.,2023-10-03
R01068,Trustpilot,Water Heater Installation,4,positive,Very professional Water Heater Installation.,2023-01-23
R01069,Yelp,Plumbing Repair,5,positive,Very professional Plumbing Repair.,2024-08-28
R01070,Trustpilot,Roof Repair,4,positive,Excellent Roof Repair service!,2024-08-20
R01071,Yelp,Window Replacement,3,neutral,Average experience.,2025-09-29
R01072,Yelp,Painting,4,positive,Highly recommend!,2024-12-27
R01073,Google,Window Replacement,2,negative,Will not recommend.,2023-03-29
R01074,Trustpilot,HVAC Servicing,4,positive,Excellent HVAC Servicing service!,2023-07-11
R01075,Yelp,Gutter Cleaning,4,positive,Highly recommend!,2024-12-16
R01076,Google,Gutter Cleaning,3,neutral,Okay but can improve.,2024-11-02
R01077,Google,Lawn Maintenance,2,negative,Will not recommend.,2023-12-11
R01078,Yelp,HVAC Servicing,4,positive,Very professional HVAC Servicing.,2025-06-21
R01079,Trustpilot,Electrical Wiring,3,neutral,Okay but can improve.,2025-01-06
R01080,Trustpilot,HVAC Servicing,3,neutral,Average experience.,2024-06-17
R01081,Google,Window Replacement,5,positive,Very professional Window Replacement.,2024-01-29
R01082,Google,Plumbing Repair,4,positive,Very professional Plumbing Repair.,2023-08-27
R01083,Google,Painting,3,neutral,Average experience.,2024-12-27
R01084,Google,Water Heater Installation,4,positive,,2024-08-02
R01085,Google,Roof Repair,3,neutral,Average experience.,2025-08-09
R01086,Google,Roof Repair,5,positive,Very professional Roof Repair.,2023-07-25
R01087,Yelp,Painting,2,negative,Poor quality service.,2024-06-30
R01088,Yelp,Plumbing Repair,4,positive,Highly recommend!,2023-08-13
R01089,Google,Roof Repair,3,neutral,Okay but can improve.,2023-09-21
R01090,Yelp,Painting,3,neutral,Okay but can improve.,2025-03-13
R01091,Google,Gutter Cleaning,5,positive,Very professional Gutter Cleaning.,2023-11-06
R01092,Yelp,Window Replacement,4,positive,Very professional Window Replacement.,2025-07-21
R01093,Yelp,Electrical Wiring,2,negative,Poor quality service.,2024-10-12
R01094,Yelp,Gutter Cleaning,4,positive,Highly recommend!,2023-04-27
R01095,Trustpilot,HVAC Servicing,2,negative,Poor quality service.,2024-01-06
R01096,Yelp,Water Heater Installation,3,neutral,Okay but can improve.,2024-10-29
R01097,Trustpilot,Plumbing Repair,3,neutral,Okay but can improve.,2024-12-08
R01098,Yelp,Window Replacement,4,positive,Highly recommend!,2023-04-08
R01099,Trustpilot,Fence Repair,4,positive,Highly recommend!,2025-06-25
R01100,Trustpilot,Window Replacement,3,neutral,Average experience.,2024-03-09
R01101,Trustpilot,Plumbing Repair,3,neutral,Average experience.,2023-05-23
R01102,Yelp,HVAC Servicing,5,positive,Excellent HVAC Servicing service!,2024-02-07
R01103,Google,Plumbing Repair,3,neutral,Average experience.,2025-08-31
R01104,Yelp,Lawn Maintenance,2,negative,Will not recommend.,2023-03-10
R01105,Yelp,Painting,2,negative,Poor quality service.,2025-10-12
R01106,Yelp,Water Heater Installation,2,negative,Will not recommend.,2024-09-15
R01107,Yelp,Water Heater Installation,5,positive,Excellent Water Heater Installation service!,2025-09-30
R01108,Trustpilot,Plumbing Repair,3,neutral,Average experience.,2023-07-06
R01109,Trustpilot,Electrical Wiring,3,neutral,Okay but can improve.,2024-09-27
R01110,Trustpilot,Fence Repair,4,positive,Very professional Fence Repair.,2023-11-07
R01111,Google,Fence Repair,5,positive,Highly recommend!,2023-11-14
R01112,Yelp,Gutter Cleaning,3,neutral,Average experience.,2023-03-26
R01113,Yelp,Water Heater Installation,3,neutral,Okay but can improve.,2023-03-13
R01114,Yelp,Lawn Maintenance,5,positive,Very professional Lawn Maintenance.,2024-02-26
R01115,Yelp,Lawn Maintenance,4,positive,Very professional Lawn Maintenance.,2024-08-18
R01116,Google,HVAC Servicing,4,positive,Excellent HVAC Servicing service!,2025-05-16
R01117,Google,HVAC Servicing,4,positive,Very professional HVAC Servicing.,2025-03-22
R01118,Trustpilot,Lawn Maintenance,4,positive,Highly recommend!,2024-10-06
R01119,Google,Plumbing Repair,4,positive,Very professional Plumbing Repair.,2025-07-17
R01120,Yelp,Electrical Wiring,3,neutral,Average experience.,2025-07-29
R01121,Trustpilot,Lawn Maintenance,3,neutral,Okay but can improve.,2024-05-26
R01122,Yelp,Painting,4,positive,Highly recommend!,2024-05-13
R01123,Yelp,Gutter Cleaning,4,positive,Excellent Gutter Cleaning service!,2023-08-04
R01124,Trustpilot,Water Heater Installation,3,neutral,Average experience.,2024-09-13
R01125,Trustpilot,Painting,3,neutral,Average experience.,2024-10-18
R01126,Yelp,Painting,5,positive,Highly recommend!,2024-01-21
R01127,Yelp,Roof Repair,4,positive,Highly recommend!,2024-07-17
R01128,Google,Plumbing Repair,4,positive,Highly recommend!,2024-10-15
R01129,Yelp,Lawn Maintenance,2,negative,Poor quality service.,2024-09-17
R01130,Yelp,Electrical Wiring,4,positive,Excellent Electrical Wiring service!,2023-10-01
R01131,Google,Electrical Wiring,2,negative,Poor quality service.,2023-04-22
R01132,Trustpilot,Lawn Maintenance,4,positive,Excellent Lawn Maintenance service!,2025-09-28
R01133,Trustpilot,HVAC Servicing,5,positive,Highly recommend!,2025-08-16
R01134,Yelp,Gutter Cleaning,5,positive,Excellent Gutter Cleaning service!,2024-08-20
R01135,Yelp,Roof Repair,5,positive,Highly recommend!,2024-10-09
R01136,Yelp,Lawn Maintenance,3,neutral,Average experience.,2023-04-03
R01137,Trustpilot,Roof Repair,4,positive,Very professional Roof Repair.,2024-08-22
R01138,Yelp,Painting,3,neutral,Average experience.,2024-04-22
R01139,Google,Gutter Cleaning,5,positive,Highly recommend!,2024-06-07
R01140,Trustpilot,Lawn Maintenance,4,positive,Very professional Lawn Maintenance.,2025-08-24
R01141,Google,Lawn Maintenance,3,neutral,Average experience.,2024-07-11
R01142,Google,HVAC Servicing,3,neutral,Average experience.,2023-06-20
R01143,Google,Window Replacement,4,positive,Excellent Window Replacement service!,2025-09-01
R01144,Yelp,Electrical Wiring,3,neutral,??? unclear ???,2025-05-18
R01145,Google,Roof Repair,2,negative,Poor quality service.,2024-01-07
R01146,Yelp,Painting,5,positive,??? unclear ???,2024-12-09
R01147,Trustpilot,Fence Repair,3,neutral,Average experience.,2023-09-21
R01148,Trustpilot,Window Replacement,5,positive,Highly recommend!,2024-12-04
R01149,Trustpilot,Window Replacement,5,positive,Highly recommend!,2024-06-06
R01150,Google,Roof Repair,4,positive,Highly recommend!,2025-08-13
R01151,Google,Lawn Maintenance,5,positive,Very professional Lawn Maintenance.,2024-11-07
R01152,Yelp,Plumbing Repair,3,neutral,Average experience.,2024-08-19
R01153,Yelp,HVAC Servicing,4,positive,Excellent HVAC Servicing service!,2025-02-14
R01154,Trustpilot,Lawn Maintenance,4,positive,Very professional Lawn Maintenance.,2023-12-22
R01155,Google,Electrical Wiring,2,negative,,2024-07-02
R01156,Trustpilot,Fence Repair,3,neutral,Okay but can improve.,2023-07-26
R01157,Google,Electrical Wiring,3,neutral,Okay but can improve.,2023-10-27
R01158,Google,Window Replacement,3,neutral,Okay but can improve.,2025-09-13
R01159,Yelp,Gutter Cleaning,3,neutral,Okay but can improve.,2025-05-03
R01160,Google,Painting,2,negative,Will not recommend.,2023-08-11
R01161,Google,Plumbing Repair,4,positive,Highly recommend!,2023-06-20
R01162,Google,Plumbing Repair,3,neutral,Okay but can improve.,2023-03-04
R01163,Trustpilot,Water Heater Installation,3,neutral,Average experience.,2023-06-01
R01164,Google,Window Replacement,4,positive,Very professional Window Replacement.,2023-02-27
R01165,Google,Electrical Wiring,3,neutral,Okay but can improve.,2023-06-26
R01166,Google,Gutter Cleaning,4,positive,Excellent Gutter Cleaning service!,2025-03-05
R01167,Trustpilot,Water Heater Installation,4,positive,Excellent Water Heater Installation service!,2025-08-17
R01168,Google,Fence Repair,3,neutral,Average experience.,2025-07-26
R01169,Google,Gutter Cleaning,4,positive,Highly recommend!,2024-04-19
R01170,Trustpilot,HVAC Servicing,4,positive,Highly recommend!,2024-10-18
R01171,Yelp,Plumbing Repair,3,neutral,Okay but can improve.,2023-06-03
R01172,Trustpilot,Electrical Wiring,4,positive,Highly recommend!,2024-09-27
R01173,Yelp,Plumbing Repair,4,positive,Very professional Plumbing Repair.,2025-07-17
R01174,Trustpilot,HVAC Servicing,3,neutral,Average experience.,2024-11-10
R01175,Yelp,HVAC Servicing,4,positive,Very professional HVAC Servicing.,2025-06-24
R01176,Google,HVAC Servicing,3,neutral,Okay but can improve.,2025-09-25
R01177,Google,Plumbing Repair,4,positive,Excellent Plumbing Repair service!,2024-03-21
R01178,Google,Fence Repair,2,negative,Will not recommend.,2023-03-12
R01179,Google,Fence Repair,4,positive,Very professional Fence Repair.,2024-03-31
R01180,Google,HVAC Servicing,4,positive,Highly recommend!,2024-09-17
R01181,Yelp,Window Replacement,4,positive,Very professional Window Replacement.,2025-06-17
R01182,Trustpilot,Roof Repair,4,positive,,2024-12-16
R01183,Google,Water Heater Installation,3,neutral,Average experience.,2024-07-06
R01184,Trustpilot,Water Heater Installation,2,negative,??? unclear ???,2025-06-23
R01185,Trustpilot,Painting,3,neutral,Average experience.,2024-10-29
R01186,Trustpilot,Electrical Wiring,3,neutral,Okay but can improve.,2024-08-13
R01187,Trustpilot,Lawn Maintenance,4,positive,Excellent Lawn Maintenance service!,2023-02-22
R01188,Yelp,Plumbing Repair,4,positive,Highly recommend!,2025-08-25
R01189,Trustpilot,Painting,2,negative,Poor quality service.,2023-06-10
R01190,Yelp,Window Replacement,5,positive,Very professional Window Replacement.,2025-03-27
R01191,Trustpilot,Gutter Cleaning,4,positive,Very professional Gutter Cleaning.,2024-02-15
R01192,Yelp,Electrical Wiring,3,neutral,Okay but can improve.,2025-03-05
R01193,Google,Electrical Wiring,4,positive,Highly recommend!,2024-01-17
R01194,Google,Fence Repair,2,negative,Poor quality service.,2023-04-06
R01195,Trustpilot,Plumbing Repair,3,neutral,Average experience.,2023-03-03
R01196,Google,Fence Repair,2,negative,Will not recommend.,2024-07-18
R01197,Yelp,Water Heater Installation,3,neutral,Okay but can improve.,2024-01-03
R01198,Google,Fence Repair,5,positive,Highly recommend!,2023-12-11
R01199,Yelp,HVAC Servicing,4,positive,Excellent HVAC Servicing service!,2024-08-03
R01200,Google,Plumbing Repair,4,positive,Very professional Plumbing Repair.,2023-03-12
R01201,Trustpilot,Roof Repair,4,positive,,2025-04-11
R01202,Google,HVAC Servicing,5,positive,Very professional HVAC Servicing.,2024-01-29
R01203,Trustpilot,Fence Repair,5,positive,Highly recommend!,2025-08-27
R01204,Trustpilot,Roof Repair,3,neutral,Okay but can improve.,2023-06-02
R01205,Google,Fence Repair,2,negative,Will not recommend.,2025-05-06
R01206,Trustpilot,Window Replacement,4,positive,Excellent Window Replacement service!,2024-02-12
R01207,Yelp,Roof Repair,3,neutral,Average experience.,2023-05-04
R01208,Google,Lawn Maintenance,4,positive,Highly recommend!,2024-01-04
R01209,Trustpilot,Electrical Wiring,3,neutral,Average experience.,2023-02-01
R01210,Trustpilot,Window Replacement,5,positive,Highly recommend!,2023-04-21
R01211,Trustpilot,Lawn Maintenance,4,positive,Highly recommend!,2024-06-23
R01212,Trustpilot,Lawn Maintenance,3,neutral,Okay but can improve.,2024-06-19
R01213,Google,Water Heater Installation,2,negative,Poor quality service.,2024-12-01
R01214,Google,Electrical Wiring,4,positive,Excellent Electrical Wiring service!,2023-07-14
R01215,Trustpilot,HVAC Servicing,3,neutral,Average experience.,2024-04-10
R01216,Trustpilot,Fence Repair,4,positive,??? unclear ???,2023-02-28
R01217,Google,Window Replacement,3,neutral,Average experience.,2023-03-01
R01218,Trustpilot,Painting,1,negative,Will not recommend.,2025-05-11
R01219,Google,Window Replacement,4,positive,Highly recommend!,2024-05-02
R01220,Yelp,Window Replacement,2,negative,Will not recommend.,2023-08-20
R01221,Trustpilot,Gutter Cleaning,3,neutral,Okay but can improve.,2023-11-26
R01222,Yelp,Roof Repair,2,negative,Will not recommend.,2025-06-01
R01223,Trustpilot,Water Heater Installation,3,neutral,Average experience.,2024-09-26
R01224,Yelp,Water Heater Installation,2,negative,Poor quality service.,2025-04-26
R01225,Trustpilot,Roof Repair,2,negative,Poor quality service.,2023-01-10
R01226,Yelp,Roof Repair,5,positive,??? unclear ???,2024-02-05
R01227,Yelp,Roof Repair,4,positive,Highly recommend!,2025-09-23
R01228,Yelp,HVAC Servicing,3,neutral,Average experience.,2024-06-14
R01229,Yelp,Electrical Wiring,3,neutral,Average experience.,2024-12-12
R01230,Trustpilot,Gutter Cleaning,3,neutral,Average experience.,2025-08-21
R01231,Yelp,Fence Repair,5,positive,Highly recommend!,2023-08-20
R01232,Yelp,Roof Repair,3,neutral,Average experience.,2024-02-25
R01233,Yelp,Electrical Wiring,2,negative,Will not recommend.,2024-02-11
R01234,Yelp,Painting,3,neutral,,2024-04-03
R01235,Google,HVAC Servicing,5,positive,Excellent HVAC Servicing service!,2023-03-05
R01236,Google,Plumbing Repair,5,positive,Very professional Plumbing Repair.,2025-06-05
R01237,Trustpilot,Water Heater Installation,2,negative,Will not recommend.,2023-11-14
R01238,Yelp,Lawn Maintenance,3,neutral,,2024-03-31
R01239,Yelp,Electrical Wiring,2,negative,Poor quality service.,2023-06-30
R01240,Yelp,HVAC Servicing,2,negative,Poor quality service.,2024-09-26
R01241,Trustpilot,Electrical Wiring,4,positive,??? unclear ???,2023-12-20
R01242,Trustpilot,Roof Repair,4,positive,Very professional Roof Repair.,2024-08-04
R01243,Yelp,Painting,3,neutral,Okay but can improve.,2023-09-15
R01244,Google,Plumbing Repair,3,neutral,,2024-07-18
R01245,Yelp,Water Heater Installation,4,positive,Highly recommend!,2025-06-01
R01246,Trustpilot,Painting,4,positive,Excellent Painting service!,2024-03-31
R01247,Yelp,Lawn Maintenance,4,positive,Very professional Lawn Maintenance.,2023-12-05
R01248,Trustpilot,Lawn Maintenance,4,positive,Excellent Lawn Maintenance service!,2025-05-09
R01249,Yelp,Lawn Maintenance,5,positive,Excellent Lawn Maintenance service!,2025-04-12
R01250,Google,Lawn Maintenance,2,negative,Poor quality service.,2025-09-26
R01251,Trustpilot,Gutter Cleaning,2,negative,Poor quality service.,2023-05-20
R01252,Trustpilot,Lawn Maintenance,4,positive,Highly recommend!,2023-10-16
R01253,Trustpilot,Roof Repair,4,positive,Very professional Roof Repair.,2023-04-18
R01254,Google,HVAC Servicing,5,positive,Excellent HVAC Servicing service!,2023-02-18
R01255,Trustpilot,Lawn Maintenance,3,neutral,Average experience.,2024-08-08
R01256,Google,Painting,4,positive,Very professional Painting.,2024-11-09
R01257,Trustpilot,Lawn Maintenance,3,neutral,Average experience.,2023-03-05
R01258,Yelp,Window Replacement,4,positive,Excellent Window Replacement service!,2023-05-05
R01259,Yelp,Fence Repair,1,negative,Will not recommend.,2024-09-30
R01260,Trustpilot,Electrical Wiring,3,neutral,Average experience.,2025-08-07
R01261,Google,Gutter Cleaning,3,neutral,Average experience.,2023-10-30
R01262,Yelp,Window Replacement,3,neutral,Average experience.,2023-04-25
R01263,Trustpilot,Plumbing Repair,4,positive,Highly recommend!,2024-03-12
R01264,Google,Fence Repair,3,neutral,Average experience.,2025-06-27
R01265,Trustpilot,Painting,4,positive,,2023-03-17
R01266,Trustpilot,Water Heater Installation,3,neutral,Average experience.,2025-03-24
R01267,Trustpilot,Painting,3,neutral,Okay but can improve.,2024-10-21
R01268,Yelp,Gutter Cleaning,4,positive,Very professional Gutter Cleaning.,2024-02-29
R01269,Trustpilot,Lawn Maintenance,4,positive,Very professional Lawn Maintenance.,2023-10-07
R01270,Yelp,Water Heater Installation,3,neutral,Average experience.,2025-07-24
R01271,Trustpilot,Plumbing Repair,3,neutral,Okay but can improve.,2023-05-31
R01272,Trustpilot,Electrical Wiring,3,neutral,Okay but can improve.,2025-05-13
R01273,Google,Gutter Cleaning,4,positive,Excellent Gutter Cleaning service!,2024-10-25
R01274,Trustpilot,Window Replacement,4,positive,Highly recommend!,2025-08-23
R01275,Yelp,Lawn Maintenance,3,neutral,Average experience.,2025-01-01
R01276,Yelp,Plumbing Repair,2,negative,Will not recommend.,2025-08-30
R01277,Yelp,Water Heater Installation,3,neutral,Average experience.,2024-06-29
R01278,Google,Fence Repair,4,positive,Very professional Fence Repair.,2024-01-10
R01279,Yelp,Fence Repair,1,negative,Poor quality service.,2024-11-23
R01280,Trustpilot,HVAC Servicing,3,neutral,Okay but can improve.,2023-07-17
R01281,Google,Electrical Wiring,2,negative,Poor quality service.,2025-06-10
R01282,Yelp,Roof Repair,3,neutral,Okay but can improve.,2025-01-15
R01283,Google,Window Replacement,3,neutral,Okay but can improve.,2024-07-29
R01284,Yelp,Water Heater Installation,3,neutral,Okay but can improve.,2023-11-24
R01285,Yelp,Water Heater Installation,3,neutral,Okay but can improve.,2023-08-18
R01286,Google,Electrical Wiring,5,positive,Excellent Electrical Wiring service!,2025-07-19
R01287,Google,Gutter Cleaning,3,neutral,Okay but can improve.,2025-08-12
R01288,Google,Water Heater Installation,5,positive,Excellent Water Heater Installation service!,2024-03-06
R01289,Google,Gutter Cleaning,3,neutral,Average experience.,2025-06-18
R01290,Trustpilot,Roof Repair,2,negative,Poor quality service.,2024-09-29
R01291,Trustpilot,Plumbing Repair,5,positive,Very professional Plumbing Repair.,2025-10-01
R01292,Google,Water Heater Installation,2,negative,Will not recommend.,2024-01-31
R01293,Yelp,Fence Repair,3,neutral,Average experience.,2024-04-26
R01294,Yelp,Lawn Maintenance,1,negative,Poor quality service.,2025-02-15
R01295,Trustpilot,Electrical Wiring,3,neutral,Okay but can improve.,2024-10-01
R01296,Trustpilot,Window Replacement,5,positive,Very professional Window Replacement.,2023-04-15
R01297,Trustpilot,Fence Repair,4,positive,Excellent Fence Repair service!,2024-07-07
R01298,Trustpilot,Painting,3,neutral,Average experience.,2023-11-23
R01299,Yelp,Lawn Maintenance,3,neutral,Okay but can improve.,2024-12-14
R01300,Google,Electrical Wiring,2,negative,Will not recommend.,2025-01-22
R01301,Yelp,Lawn Maintenance,5,positive,Very professional Lawn Maintenance.,2024-12-20
R01302,Yelp,Plumbing Repair,1,negative,Poor quality service.,2025-09-18
R01303,Google,Water Heater Installation,4,positive,Excellent Water Heater Installation service!,2023-07-11
R01304,Yelp,Plumbing Repair,3,neutral,Average experience.,2025-03-30
R01305,Google,Water Heater Installation,4,positive,Excellent Water Heater Installation service!,2025-05-09
R01306,Google,Lawn Maintenance,5,positive,Very professional Lawn Maintenance.,2023-06-26
R01307,Google,Gutter Cleaning,2,negative,Will not recommend.,2024-07-30
R01308,Google,Window Replacement,4,positive,Excellent Window Replacement service!,2025-03-19
R01309,Google,Electrical Wiring,2,negative,Poor quality service.,2024-05-01
R01310,Yelp,Roof Repair,5,positive,Very professional Roof Repair.,2023-04-03
R01311,Trustpilot,Window Replacement,3,neutral,Okay but can improve.,2024-04-13
R01312,Trustpilot,Electrical Wiring,2,negative,Will not recommend.,2024-08-26
R01313,Trustpilot,Water Heater Installation,3,neutral,Okay but can improve.,2024-06-20
R01314,Yelp,Electrical Wiring,4,positive,Excellent Electrical Wiring service!,2024-02-15
R01315,Yelp,Water Heater Installation,5,positive,Excellent Water Heater Installation service!,2025-02-14
R01316,Google,Painting,3,neutral,Okay but can improve.,2025-03-25
R01317,Google,Gutter Cleaning,3,neutral,Okay but can improve.,2024-11-10
R01318,Trustpilot,HVAC Servicing,5,positive,Very professional HVAC Servicing.,2023-02-12
R01319,Yelp,Plumbing Repair,4,positive,Excellent Plumbing Repair service!,2025-08-12
R01320,Google,Lawn Maintenance,3,neutral,Average experience.,2024-04-07
R01321,Trustpilot,Electrical Wiring,4,positive,Highly recommend!,2025-08-02
R01322,Google,Lawn Maintenance,1,negative,Will not recommend.,2023-05-07
R01323,Yelp,Window Replacement,3,neutral,Average experience.,2024-09-13
R01324,Google,Water Heater Installation,3,neutral,Okay but can improve.,2023-08-13
R01325,Yelp,Electrical Wiring,3,neutral,Okay but can improve.,2023-07-28
R01326,Trustpilot,Painting,4,positive,Highly recommend!,2023-06-03
R01327,Yelp,Gutter Cleaning,1,negative,Poor quality service.,2024-03-17
R01328,Trustpilot,Fence Repair,2,negative,Will not recommend.,2025-01-22
R01329,Yelp,Electrical Wiring,3,neutral,Okay but can improve.,2023-01-10
R01330,Yelp,HVAC Servicing,4,positive,Highly recommend!,2023-12-23
R01331,Google,Electrical Wiring,3,neutral,Average experience.,2024-02-22
R01332,Google,Electrical Wiring,2,negative,Will not recommend.,2024-06-08
R01333,Google,Fence Repair,3,neutral,Okay but can improve.,2023-01-13
R01334,Yelp,Electrical Wiring,4,positive,Very professional Electrical Wiring.,2024-09-25
R01335,Yelp,Gutter Cleaning,5,positive,Very professional Gutter Cleaning.,2023-04-14
R01336,Trustpilot,HVAC Servicing,3,neutral,Average experience.,2025-02-16
R01337,Trustpilot,Fence Repair,2,negative,Poor quality service.,2025-09-22
R01338,Trustpilot,Lawn Maintenance,5,positive,Very professional Lawn Maintenance.,2024-09-02
R01339,Google,Gutter Cleaning,5,positive,Excellent Gutter Cleaning service!,2025-01-05
R01340,Trustpilot,Window Replacement,4,positive,Highly recommend!,2023-03-20
R01341,Yelp,Window Replacement,3,neutral,Average experience.,2024-03-05
R01342,Yelp,Gutter Cleaning,2,negative,Will not recommend.,2023-06-12
R01343,Yelp,Electrical Wiring,4,positive,Excellent Electrical Wiring service!,2023-03-24
R01344,Trustpilot,Lawn Maintenance,4,positive,Very professional Lawn Maintenance.,2023-03-10
R01345,Trustpilot,Plumbing Repair,3,neutral,Average experience.,2025-01-11
R01346,Trustpilot,Lawn Maintenance,3,neutral,Average experience.,2024-05-05
R01347,Yelp,Fence Repair,3,neutral,Okay but can improve.,2024-11-05
R01348,Google,HVAC Servicing,5,positive,Highly recommend!,2024-08-03
R01349,Trustpilot,Gutter Cleaning,4,positive,Excellent Gutter Cleaning service!,2025-09-26
R01350,Yelp,Fence Repair,5,positive,Highly recommend!,2024-10-03
R01351,Google,Fence Repair,3,neutral,Average experience.,2024-03-07
R01352,Google,Painting,4,positive,Very professional Painting.,2024-11-07
R01353,Yelp,Water Heater Installation,3,neutral,Okay but can improve.,2023-08-05
R01354,Google,Plumbing Repair,2,negative,Will not recommend.,2025-08-04
R01355,Google,Lawn Maintenance,4,positive,Very professional Lawn Maintenance.,2024-11-05
R01356,Yelp,Lawn Maintenance,3,neutral,Okay but can improve.,2023-09-03
R01357,Google,Painting,4,positive,Very professional Painting.,2023-03-16
R01358,Google,Water Heater Installation,2,negative,Will not recommend.,2024-02-15
R01359,Yelp,Water Heater Installation,4,positive,Very professional Water Heater Installation.,2024-06-25
R01360,Trustpilot,Painting,4,positive,Very professional Painting.,2023-01-29
R01361,Yelp,HVAC Servicing,3,neutral,Okay but can improve.,2025-10-10
R01362,Google,Electrical Wiring,4,positive,Excellent Electrical Wiring service!,2024-12-26
R01363,Yelp,Plumbing Repair,4,positive,Very professional Plumbing Repair.,2024-02-07
R01364,Trustpilot,Plumbing Repair,5,positive,Excellent Plumbing Repair service!,2024-09-19
R01365,Google,Fence Repair,3,neutral,Okay but can improve.,2023-12-08
R01366,Google,Electrical Wiring,4,positive,Highly recommend!,2023-12-30
R01367,Google,Water Heater Installation,2,negative,Poor quality service.,2023-03-19
R01368,Trustpilot,Painting,4,positive,Excellent Painting service!,2024-02-16
R01369,Google,Gutter Cleaning,5,positive,Excellent Gutter Cleaning service!,2025-06-24
R01370,Trustpilot,Water Heater Installation,5,positive,Very professional Water Heater Installation.,2025-06-05
R01371,Trustpilot,Window Replacement,4,positive,Very professional Window Replacement.,2024-12-04
R01372,Google,Plumbing Repair,4,positive,Highly recommend!,2024-02-13
R01373,Trustpilot,Roof Repair,4,positive,Excellent Roof Repair service!,2024-03-16
R01374,Google,Lawn Maintenance,4,positive,Very professional Lawn Maintenance.,2023-11-27
R01375,Yelp,Plumbing Repair,4,positive,Highly recommend!,2025-05-09
R01376,Google,Painting,2,negative,Poor quality service.,2025-09-04
R01377,Trustpilot,Lawn Maintenance,4,positive,Very professional Lawn Maintenance.,2023-01-11
R01378,Yelp,Lawn Maintenance,4,positive,Highly recommend!,2023-10-08
R01379,Trustpilot,Water Heater Installation,3,neutral,Average experience.,2023-10-18
R01380,Yelp,Plumbing Repair,2,negative,Poor quality service.,2025-09-01
R01381,Yelp,Fence Repair,4,positive,Highly recommend!,2025-02-06
R01382,Trustpilot,Painting,5,positive,Very professional Painting.,2024-06-21
R01383,Trustpilot,Fence Repair,5,positive,Excellent Fence Repair service!,2025-03-27
R01384,Google,Lawn Maintenance,3,neutral,Average experience.,2024-04-27
R01385,Google,Electrical Wiring,2,negative,Will not recommend.,2024-01-21
R01386,Google,Painting,2,negative,Poor quality service.,2024-02-27
R01387,Yelp,Fence Repair,3,neutral,Average experience.,2024-01-17
R01388,Yelp,Gutter Cleaning,4,positive,Very professional Gutter Cleaning.,2024-09-17
R01389,Trustpilot,HVAC Servicing,4,positive,Excellent HVAC Servicing service!,2023-10-21
R01390,Trustpilot,Plumbing Repair,4,positive,Highly recommend!,2024-05-22
R01391,Google,Painting,3,neutral,Okay but can improve.,2025-02-12
R01392,Google,HVAC Servicing,4,positive,Very professional HVAC Servicing.,2023-12-06
R01393,Yelp,Fence Repair,3,neutral,Okay but can improve.,2023-11-10
R01394,Yelp,Window Replacement,4,positive,Highly recommend!,2023-09-11
R01395,Google,Window Replacement,4,positive,Excellent Window Replacement service!,2023-11-08
R01396,Google,Gutter Cleaning,3,neutral,Okay but can improve.,2023-11-15
R01397,Yelp,Lawn Maintenance,4,positive,Highly recommend!,2025-07-01
R01398,Yelp,Plumbing Repair,3,neutral,Average experience.,2024-02-15
R01399,Yelp,HVAC Servicing,3,neutral,Okay but can improve.,2023-03-23
R01400,Google,Window Replacement,3,neutral,Okay but can improve.,2023-02-21
R01401,Trustpilot,Plumbing Repair,4,positive,Excellent Plumbing Repair service!,2024-12-26
R01402,Google,Lawn Maintenance,5,positive,Very professional Lawn Maintenance.,2024-11-28
R01403,Trustpilot,HVAC Servicing,4,positive,Very professional HVAC Servicing.,2024-05-19
R01404,Trustpilot,Window Replacement,4,positive,Excellent Window Replacement service!,2024-03-06
R01405,Google,Water Heater Installation,4,positive,Very professional Water Heater Installation.,2023-08-23
R01406,Trustpilot,Painting,3,neutral,Average experience.,2025-06-30
R01407,Trustpilot,Fence Repair,5,positive,Highly recommend!,2023-03-08
R01408,Trustpilot,Painting,3,neutral,Average experience.,2024-07-04
R01409,Trustpilot,Window Replacement,3,neutral,Okay but can improve.,2024-01-05
R01410,Yelp,Gutter Cleaning,4,positive,Excellent Gutter Cleaning service!,2023-11-02
R01411,Trustpilot,Water Heater Installation,3,neutral,Average experience.,2024-11-03
R01412,Trustpilot,Electrical Wiring,3,neutral,Average experience.,2025-05-18
R01413,Google,Window Replacement,2,negative,Will not recommend.,2024-07-05
R01414,Yelp,Fence Repair,3,neutral,Okay but can improve.,2023-10-09
R01415,Google,Electrical Wiring,3,neutral,Average experience.,2025-01-01
R01416,Yelp,Gutter Cleaning,5,positive,Very professional Gutter Cleaning.,2024-05-12
R01417,Trustpilot,Plumbing Repair,2,negative,Will not recommend.,2023-10-01
R01418,Yelp,Painting,2,negative,Poor quality service.,2024-07-05
R01419,Trustpilot,Water Heater Installation,3,neutral,Okay but can improve.,2024-11-06
R01420,Google,Electrical Wiring,4,positive,Highly recommend!,2023-02-23
R01421,Google,Painting,3,neutral,Average experience.,2024-06-03
R01422,Google,Water Heater Installation,3,neutral,Average experience.,2023-11-22
R01423,Trustpilot,HVAC Servicing,4,positive,Very professional HVAC Servicing.,2023-04-14
R01424,Google,Painting,3,neutral,Okay but can improve.,2023-02-02
R01425,Google,Window Replacement,4,positive,Excellent Window Replacement service!,2024-09-01
R01426,Trustpilot,Electrical Wiring,2,negative,Poor quality service.,2025-08-09
R01427,Google,Electrical Wiring,5,positive,Very professional Electrical Wiring.,2025-03-15
R01428,Yelp,Window Replacement,5,positive,Excellent Window Replacement service!,2025-08-30
R01429,Google,HVAC Servicing,4,positive,Highly recommend!,2023-05-18
R01430,Google,Painting,5,positive,Excellent Painting service!,2025-06-02
R01431,Yelp,Water Heater Installation,3,neutral,Okay but can improve.,2024-12-14
R01432,Trustpilot,Lawn Maintenance,2,negative,Poor quality service.,2024-03-11
R01433,Yelp,Gutter Cleaning,5,positive,Very professional Gutter Cleaning.,2024-02-27
R01434,Trustpilot,Plumbing Repair,3,neutral,Average experience.,2024-12-26
R01435,Trustpilot,Lawn Maintenance,3,neutral,Okay but can improve.,2025-03-25
R01436,Google,Painting,5,positive,Excellent Painting service!,2025-05-03
R01437,Trustpilot,Electrical Wiring,3,neutral,Average experience.,2024-10-13
R01438,Google,Lawn Maintenance,3,neutral,Average experience.,2024-01-03
R01439,Google,Plumbing Repair,4,positive,Very professional Plumbing Repair.,2025-06-17
R01440,Yelp,Electrical Wiring,4,positive,Very professional Electrical Wiring.,2025-06-12
R01441,Trustpilot,Painting,2,negative,Poor quality service.,2024-04-19
R01442,Trustpilot,Fence Repair,4,positive,Excellent Fence Repair service!,2024-10-23
R01443,Google,Painting,3,neutral,Average experience.,2023-11-16
R01444,Google,HVAC Servicing,4,positive,Highly recommend!,2024-07-02
R01445,Yelp,Fence Repair,2,negative,Will not recommend.,2025-01-18
R01446,Trustpilot,Water Heater Installation,5,positive,Highly recommend!,2023-01-22
R01447,Google,Window Replacement,3,neutral,??? unclear ???,2025-08-08
R01448,Trustpilot,Window Replacement,4,positive,Very professional Window Replacement.,2023-06-09
R01449,Google,Water Heater Installation,3,neutral,Okay but can improve.,2024-12-21
R01450,Trustpilot,Electrical Wiring,2,negative,Will not recommend.,2025-05-01
R01451,Trustpilot,Painting,3,neutral,Okay but can improve.,2023-10-11
R01452,Google,Electrical Wiring,4,positive,Very professional Electrical Wiring.,2023-05-29
R01453,Google,Gutter Cleaning,4,positive,Excellent Gutter Cleaning service!,2023-05-11
R01454,Google,Lawn Maintenance,3,neutral,Average experience.,2023-11-07
R01455,Trustpilot,Painting,5,positive,Highly recommend!,2024-02-20
R01456,Yelp,Roof Repair,2,negative,Will not recommend.,2024-05-31
R01457,Google,Plumbing Repair,3,neutral,Okay but can improve.,2024-01-12
R01458,Trustpilot,Painting,4,positive,Very professional Painting.,2025-02-12
R01459,Trustpilot,Window Replacement,2,negative,Will not recommend.,2023-12-04
R01460,Yelp,Lawn Maintenance,1,negative,Will not recommend.,2025-06-14
R01461,Google,Fence Repair,4,positive,Excellent Fence Repair service!,2023-12-21
R01462,Google,Water Heater Installation,4,positive,Highly recommend!,2024-12-17
R01463,Yelp,Painting,4,positive,Excellent Painting service!,2025-06-19
R01464,Trustpilot,Lawn Maintenance,2,negative,Poor quality service.,2024-12-28
R01465,Google,Gutter Cleaning,4,positive,Highly recommend!,2023-04-06
R01466,Google,Water Heater Installation,3,neutral,Okay but can improve.,2023-07-02
R01467,Trustpilot,Window Replacement,3,neutral,Average experience.,2024-08-01
R01468,Trustpilot,HVAC Servicing,5,positive,Highly recommend!,2024-10-14
R01469,Google,Water Heater Installation,3,neutral,Average experience.,2024-01-27
R01470,Yelp,Electrical Wiring,3,neutral,Average experience.,2023-01-09
R01471,Google,Plumbing Repair,4,positive,Very professional Plumbing Repair.,2023-09-22
R01472,Trustpilot,Window Replacement,3,neutral,Average experience.,2023-05-08
R01473,Google,Lawn Maintenance,3,neutral,Okay but can improve.,2025-08-08
R01474,Trustpilot,Window Replacement,4,positive,Very professional Window Replacement.,2023-02-07
R01475,Trustpilot,Plumbing Repair,5,positive,Highly recommend!,2024-05-23
R01476,Trustpilot,Fence Repair,3,neutral,Okay but can improve.,2024-04-02
R01477,Yelp,Electrical Wiring,4,positive,Very professional Electrical Wiring.,2025-03-16
R01478,Yelp,HVAC Servicing,3,neutral,Average experience.,2025-10-15
R01479,Trustpilot,Roof Repair,3,neutral,Okay but can improve.,2024-05-23
R01480,Yelp,Water Heater Installation,3,neutral,Okay but can improve.,2025-05-17
R01481,Google,Window Replacement,4,positive,Highly recommend!,2023-10-16
R01482,Yelp,HVAC Servicing,3,neutral,Okay but can improve.,2024-09-26
R01483,Trustpilot,Plumbing Repair,3,neutral,Okay but can improve.,2023-05-03
R01484,Trustpilot,Window Replacement,3,neutral,Average experience.,2024-08-23
R01485,Trustpilot,HVAC Servicing,2,negative,Poor quality service.,2024-01-02
R01486,Google,Water Heater Installation,3,neutral,Average experience.,2025-04-21
R01487,Yelp,Lawn Maintenance,4,positive,Very professional Lawn Maintenance.,2025-02-21
R01488,Trustpilot,Lawn Maintenance,3,neutral,Okay but can improve.,2025-01-20
R01489,Google,Electrical Wiring,5,positive,Excellent Electrical Wiring service!,2023-04-10
R01490,Google,HVAC Servicing,4,positive,Excellent HVAC Servicing service!,2024-06-05
R01491,Google,Fence Repair,5,positive,Excellent Fence Repair service!,2023-08-21
R01492,Google,Plumbing Repair,2,negative,Will not recommend.,2024-02-25
R01493,Yelp,Fence Repair,3,neutral,Okay but can improve.,2024-11-11
R01494,Trustpilot,Window Replacement,3,neutral,Okay but can improve.,2024-07-20
R01495,Yelp,Gutter Cleaning,3,neutral,??? unclear ???,2024-03-11
R01496,Google,Painting,5,positive,Excellent Painting service!,2024-06-04
R01497,Trustpilot,Plumbing Repair,2,negative,Poor quality service.,2023-01-08
R01498,Trustpilot,Fence Repair,3,neutral,Average experience.,2025-07-07
R01499,Trustpilot,Window Replacement,3,neutral,Okay but can improve.,2024-05-22
R01500,Google,Lawn Maintenance,4,positive,Very professional Lawn Maintenance.,2025-02-27
R01501,Yelp,Gutter Cleaning,4,positive,Very professional Gutter Cleaning.,2023-04-29
R01502,Trustpilot,HVAC Servicing,3,neutral,Okay but can improve.,2023-02-06
R01503,Yelp,Roof Repair,3,neutral,Average experience.,2025-10-08
R01504,Trustpilot,Painting,3,neutral,Average experience.,2024-03-25
R01505,Trustpilot,Electrical Wiring,2,negative,Poor quality service.,2023-02-24
R01506,Trustpilot,Roof Repair,5,positive,Highly recommend!,2025-08-31
R01507,Yelp,HVAC Servicing,3,neutral,Average experience.,2023-12-09
R01508,Google,Gutter Cleaning,5,positive,Highly recommend!,2023-08-13
R01509,Trustpilot,Painting,4,positive,Very professional Painting.,2023-09-08
R01510,Yelp,Fence Repair,3,neutral,Okay but can improve.,2024-01-19
R01511,Yelp,Plumbing Repair,3,neutral,Average experience.,2024-02-16
R01512,Yelp,Gutter Cleaning,4,positive,Excellent Gutter Cleaning service!,2024-07-31
R01513,Trustpilot,Window Replacement,2,negative,Poor quality service.,2024-06-03
R01514,Trustpilot,Water Heater Installation,2,negative,Poor quality service.,2024-01-20
R01515,Trustpilot,Window Replacement,3,neutral,Average experience.,2023-09-15
R01516,Google,Electrical Wiring,2,negative,Will not recommend.,2023-05-21
R01517,Yelp,HVAC Servicing,3,neutral,Okay but can improve.,2025-03-20
R01518,Trustpilot,Electrical Wiring,4,positive,??? unclear ???,2023-12-29
R01519,Yelp,Plumbing Repair,5,positive,Very professional Plumbing Repair.,2023-08-05
R01520,Google,Roof Repair,4,positive,Very professional Roof Repair.,2023-10-30
R01521,Trustpilot,Plumbing Repair,4,positive,Very professional Plumbing Repair.,2024-08-06
R01522,Yelp,Water Heater Installation,4,positive,Excellent Water Heater Installation service!,2023-10-10
R01523,Google,Gutter Cleaning,4,positive,Very professional Gutter Cleaning.,2025-05-25
R01524,Google,Gutter Cleaning,3,neutral,Okay but can improve.,2023-05-25
R01525,Yelp,HVAC Servicing,3,neutral,Average experience.,2025-07-27
R01526,Google,Window Replacement,3,neutral,Average experience.,2023-03-05
R01527,Trustpilot,Window Replacement,2,negative,Poor quality service.,2025-07-01
R01528,Yelp,Lawn Maintenance,3,neutral,Average experience.,2023-04-04
R01529,Yelp,Fence Repair,4,positive,Excellent Fence Repair service!,2024-01-12
R01530,Trustpilot,HVAC Servicing,5,positive,Excellent HVAC Servicing service!,2024-03-15
R01531,Google,Fence Repair,3,neutral,Average experience.,2024-12-25
R01532,Yelp,Fence Repair,3,neutral,Average experience.,2025-03-15
R01533,Google,Electrical Wiring,3,neutral,Okay but can improve.,2023-05-16
R01534,Trustpilot,Electrical Wiring,3,neutral,Average experience.,2025-04-18
R01535,Trustpilot,Water Heater Installation,2,negative,Poor quality service.,2024-03-05
R01536,Trustpilot,Plumbing Repair,2,negative,,2023-02-10
R01537,Google,Fence Repair,4,positive,Highly recommend!,2024-09-26
R01538,Yelp,HVAC Servicing,4,positive,Excellent HVAC Servicing service!,2023-08-27
R01539,Google,Electrical Wiring,4,positive,Excellent Electrical Wiring service!,2024-10-07
R01540,Trustpilot,Window Replacement,4,positive,Very professional Window Replacement.,2025-02-27
R01541,Trustpilot,Gutter Cleaning,5,positive,Very professional Gutter Cleaning.,2023-07-19
R01542,Trustpilot,HVAC Servicing,5,positive,Very professional HVAC Servicing.,2023-04-13
R01543,Google,Lawn Maintenance,4,positive,Excellent Lawn Maintenance service!,2024-11-18
R01544,Yelp,Fence Repair,3,neutral,Okay but can improve.,2025-02-15
R01545,Yelp,Fence Repair,4,positive,Very professional Fence Repair.,2023-09-13
R01546,Trustpilot,Fence Repair,3,neutral,Okay but can improve.,2023-02-06
R01547,Yelp,Window Replacement,4,positive,Very professional Window Replacement.,2023-06-09
R01548,Yelp,Lawn Maintenance,3,neutral,Okay but can improve.,2023-08-02
R01549,Yelp,Gutter Cleaning,3,neutral,Average experience.,2024-03-21
R01550,Google,Plumbing Repair,4,positive,Excellent Plumbing Repair service!,2023-06-08
R01551,Trustpilot,Electrical Wiring,5,positive,??? unclear ???,2023-11-04
R01552,Google,Painting,4,positive,Highly recommend!,2023-07-16
R01553,Google,Gutter Cleaning,4,positive,Very professional Gutter Cleaning.,2023-12-06
R01554,Google,Painting,4,positive,Excellent Painting service!,2023-05-22
R01555,Trustpilot,Fence Repair,5,positive,Very professional Fence Repair.,2023-04-16
R01556,Yelp,HVAC Servicing,3,neutral,Okay but can improve.,2023-09-15
R01557,Google,Lawn Maintenance,4,positive,Very professional Lawn Maintenance.,2024-01-14
R01558,Google,Window Replacement,5,positive,Excellent Window Replacement service!,2024-05-26
R01559,Trustpilot,Electrical Wiring,4,positive,Excellent Electrical Wiring service!,2025-09-25
R01560,Yelp,Plumbing Repair,3,neutral,Okay but can improve.,2023-10-09
R01561,Trustpilot,Electrical Wiring,3,neutral,Average experience.,2023-10-28
R01562,Yelp,Gutter Cleaning,3,neutral,Average experience.,2024-09-14
R01563,Trustpilot,Fence Repair,5,positive,Excellent Fence Repair service!,2025-10-04
R01564,Trustpilot,Lawn Maintenance,4,positive,Highly recommend!,2025-06-26
R01565,Yelp,Painting,3,neutral,Average experience.,2024-06-17
R01566,Google,Electrical Wiring,4,positive,Highly recommend!,2025-01-27
R01567,Trustpilot,Electrical Wiring,5,positive,Very professional Electrical Wiring.,2024-03-20
R01568,Yelp,Plumbing Repair,4,positive,Highly recommend!,2023-01-13
R01569,Trustpilot,Plumbing Repair,3,neutral,Average experience.,2025-01-22
R01570,Trustpilot,Water Heater Installation,5,positive,Highly recommend!,2024-04-04
R01571,Google,Plumbing Repair,2,negative,Will not recommend.,2023-05-29
R01572,Yelp,Electrical Wiring,4,positive,Highly recommend!,2023-03-30
R01573,Yelp,Gutter Cleaning,3,neutral,Okay but can improve.,2025-09-12
R01574,Yelp,Painting,4,positive,Excellent Painting service!,2023-03-05
R01575,Yelp,Plumbing Repair,4,positive,Very professional Plumbing Repair.,2024-12-04
R01576,Trustpilot,Roof Repair,3,neutral,Average experience.,2025-09-24
R01577,Google,Lawn Maintenance,3,neutral,Average experience.,2024-12-30
R01578,Yelp,Water Heater Installation,3,neutral,Average experience.,2023-08-15
R01579,Yelp,Lawn Maintenance,5,positive,Excellent Lawn Maintenance service!,2023-11-01
R01580,Trustpilot,Painting,3,neutral,Okay but can improve.,2025-06-13
R01581,Google,Plumbing Repair,3,neutral,Average experience.,2023-11-08
R01582,Yelp,Fence Repair,4,positive,Highly recommend!,2023-10-14
R01583,Trustpilot,Window Replacement,5,positive,Very professional Window Replacement.,2023-07-07
R01584,Google,Roof Repair,4,positive,Very professional Roof Repair.,2023-07-24
R01585,Yelp,Fence Repair,1,negative,Will not recommend.,2025-03-05
R01586,Google,Lawn Maintenance,2,negative,Will not recommend.,2025-02-15
R01587,Google,Fence Repair,2,negative,Will not recommend.,2023-10-22
R01588,Yelp,Gutter Cleaning,2,negative,Poor quality service.,2025-02-17
R01589,Google,HVAC Servicing,5,positive,Very professional HVAC Servicing.,2024-01-03
R01590,Trustpilot,Painting,4,positive,Highly recommend!,2024-02-19
R01591,Yelp,Lawn Maintenance,4,positive,Excellent Lawn Maintenance service!,2023-11-27
R01592,Google,HVAC Servicing,3,neutral,Okay but can improve.,2025-07-03
R01593,Yelp,HVAC Servicing,3,neutral,Okay but can improve.,2025-10-05
R01594,Trustpilot,Window Replacement,3,neutral,Average experience.,2025-01-21
R01595,Trustpilot,Gutter Cleaning,3,neutral,Average experience.,2023-08-14
R01596,Yelp,Painting,3,neutral,??? unclear ???,2024-12-01
R01597,Yelp,Painting,4,positive,Highly recommend!,2024-09-23
R01598,Yelp,Window Replacement,3,neutral,Okay but can improve.,2023-08-05
R01599,Google,Window Replacement,4,positive,Excellent Window Replacement service!,2025-02-10
R01600,Google,Electrical Wiring,4,positive,Excellent Electrical Wiring service!,2025-04-04
R01601,Google,Gutter Cleaning,3,neutral,Average experience.,2025-01-24
R01602,Google,Electrical Wiring,5,positive,Excellent Electrical Wiring service!,2025-05-25
R01603,Google,Water Heater Installation,3,neutral,Okay but can improve.,2024-03-05
R01604,Yelp,Lawn Maintenance,3,neutral,Average experience.,2025-02-16
R01605,Yelp,Window Replacement,2,negative,Poor quality service.,2025-05-10
R01606,Trustpilot,Electrical Wiring,4,positive,Excellent Electrical Wiring service!,2023-06-01
R01607,Trustpilot,Window Replacement,4,positive,Highly recommend!,2025-04-14
R01608,Google,Roof Repair,4,positive,Excellent Roof Repair service!,2023-05-27
R01609,Yelp,Water Heater Installation,5,positive,Excellent Water Heater Installation service!,2024-10-30
R01610,Google,Gutter Cleaning,3,neutral,Average experience.,2025-10-13
R01611,Yelp,Plumbing Repair,2,negative,Will not recommend.,2025-03-31
R01612,Trustpilot,Window Replacement,3,neutral,Okay but can improve.,2023-03-19
R01613,Yelp,Plumbing Repair,2,negative,Will not recommend.,2024-06-19
R01614,Google,Painting,4,positive,Very professional Painting.,2025-03-13
R01615,Trustpilot,Roof Repair,2,negative,Poor quality service.,2023-02-28
R01616,Yelp,Gutter Cleaning,3,neutral,Okay but can improve.,2024-02-25
R01617,Trustpilot,HVAC Servicing,3,neutral,Average experience.,2023-11-19
R01618,Trustpilot,Roof Repair,3,neutral,Average experience.,2025-09-01
R01619,Google,Water Heater Installation,3,neutral,Average experience.,2025-06-16
R01620,Google,Roof Repair,3,neutral,Average experience.,2024-01-30
R01621,Yelp,Painting,4,positive,Highly recommend!,2023-12-24
R01622,Trustpilot,Painting,4,positive,Highly recommend!,2023-11-15
R01623,Yelp,Water Heater Installation,2,negative,Poor quality service.,2023-01-16
R01624,Yelp,HVAC Servicing,5,positive,Highly recommend!,2024-07-24
R01625,Yelp,Gutter Cleaning,3,neutral,Average experience.,2024-04-23
R01626,Google,Roof Repair,3,neutral,Okay but can improve.,2024-04-19
R01627,Google,Window Replacement,4,positive,Very professional Window Replacement.,2023-07-09
R01628,Trustpilot,Window Replacement,3,neutral,,2025-06-08
R01629,Yelp,Fence Repair,5,positive,Excellent Fence Repair service!,2024-03-01
R01630,Google,Window Replacement,3,neutral,Okay but can improve.,2023-07-10
R01631,Google,Roof Repair,2,negative,Poor quality service.,2024-09-08
R01632,Trustpilot,Window Replacement,5,positive,Very professional Window Replacement.,2024-03-03
R01633,Yelp,Lawn Maintenance,5,positive,Excellent Lawn Maintenance service!,2023-12-15
R01634,Yelp,Plumbing Repair,3,neutral,Average experience.,2023-03-13
R01635,Google,Lawn Maintenance,4,positive,Excellent Lawn Maintenance service!,2025-05-23
R01636,Yelp,Gutter Cleaning,5,positive,Excellent Gutter Cleaning service!,2024-05-02
R01637,Trustpilot,HVAC Servicing,4,positive,Highly recommend!,2023-06-14
R01638,Google,Lawn Maintenance,4,positive,Very professional Lawn Maintenance.,2023-05-11
R01639,Trustpilot,Painting,5,positive,Very professional Painting.,2024-08-29
R01640,Google,Window Replacement,5,positive,Excellent Window Replacement service!,2024-05-21
R01641,Yelp,Gutter Cleaning,4,positive,Highly recommend!,2024-04-27
R01642,Trustpilot,Gutter Cleaning,2,negative,Will not recommend.,2023-07-30
R01643,Google,Painting,2,negative,Will not recommend.,2023-08-27
R01644,Yelp,Gutter Cleaning,3,neutral,Okay but can improve.,2025-10-10
R01645,Yelp,Water Heater Installation,5,positive,Very professional Water Heater Installation.,2025-07-19
R01646,Trustpilot,Plumbing Repair,2,negative,Poor quality service.,2025-06-14
R01647,Trustpilot,Fence Repair,3,neutral,Average experience.,2024-03-28
R01648,Yelp,Window Replacement,5,positive,Very professional Window Replacement.,2025-04-22
R01649,Trustpilot,Lawn Maintenance,3,neutral,Average experience.,2023-07-27
R01650,Yelp,Water Heater Installation,3,neutral,Average experience.,2024-12-27
R01651,Trustpilot,Window Replacement,2,negative,Will not recommend.,2024-12-01
R01652,Trustpilot,Water Heater Installation,3,neutral,,2025-04-25
R01653,Google,Plumbing Repair,3,neutral,Average experience.,2023-07-17
R01654,Yelp,HVAC Servicing,3,neutral,Average experience.,2025-09-07
R01655,Google,Lawn Maintenance,2,negative,Will not recommend.,2025-09-24
R01656,Trustpilot,Window Replacement,5,positive,Very professional Window Replacement.,2025-08-15
R01657,Trustpilot,Plumbing Repair,2,negative,Poor quality service.,2023-11-10
R01658,Yelp,Plumbing Repair,3,neutral,Average experience.,2024-01-21
R01659,Trustpilot,Lawn Maintenance,3,neutral,Okay but can improve.,2024-11-23
R01660,Yelp,Roof Repair,3,neutral,Okay but can improve.,2023-11-13
R01661,Yelp,Electrical Wiring,5,positive,Highly recommend!,2025-05-24
R01662,Yelp,Fence Repair,3,neutral,Okay but can improve.,2025-08-12
R01663,Yelp,Painting,4,positive,Highly recommend!,2025-01-19
R01664,Yelp,Window Replacement,2,negative,Poor quality service.,2024-05-28
R01665,Google,Gutter Cleaning,5,positive,Very professional Gutter Cleaning.,2024-06-11
R01666,Trustpilot,Plumbing Repair,4,positive,Highly recommend!,2025-04-22
R01667,Trustpilot,Gutter Cleaning,4,positive,Highly recommend!,2025-02-05
R01668,Trustpilot,Plumbing Repair,4,positive,Excellent Plumbing Repair service!,2023-06-20
R01669,Yelp,Plumbing Repair,5,positive,Highly recommend!,2024-02-04
R01670,Yelp,Painting,5,positive,Highly recommend!,2024-06-23
R01671,Yelp,Electrical Wiring,5,positive,Very professional Electrical Wiring.,2025-08-31
R01672,Google,HVAC Servicing,2,negative,Will not recommend.,2025-05-04
R01673,Trustpilot,Roof Repair,4,positive,Excellent Roof Repair service!,2024-10-03
R01674,Yelp,Lawn Maintenance,3,neutral,Okay but can improve.,2023-05-22
R01675,Google,HVAC Servicing,5,positive,Excellent HVAC Servicing service!,2025-02-16
R01676,Google,Roof Repair,1,negative,Will not recommend.,2025-08-02
R01677,Trustpilot,Roof Repair,4,positive,Very professional Roof Repair.,2025-06-08
R01678,Google,Water Heater Installation,2,negative,Poor quality service.,2024-04-26
R01679,Yelp,Gutter Cleaning,4,positive,Excellent Gutter Cleaning service!,2025-09-03
R01680,Google,Roof Repair,3,neutral,Average experience.,2025-06-23
R01681,Trustpilot,Electrical Wiring,2,negative,Will not recommend.,2025-06-14
R01682,Google,Gutter Cleaning,2,negative,Will not recommend.,2023-08-02
R01683,Google,Plumbing Repair,3,neutral,Average experience.,2024-06-07
R01684,Trustpilot,HVAC Servicing,4,positive,Highly recommend!,2025-06-05
R01685,Yelp,Water Heater Installation,4,positive,Very professional Water Heater Installation.,2023-08-18
R01686,Google,Water Heater Installation,3,neutral,Okay but can improve.,2024-05-30
R01687,Trustpilot,Window Replacement,3,neutral,Average experience.,2023-09-05
R01688,Google,Water Heater Installation,4,positive,Highly recommend!,2024-07-15
R01689,Yelp,Electrical Wiring,5,positive,Highly recommend!,2025-07-22
R01690,Google,HVAC Servicing,4,positive,Very professional HVAC Servicing.,2025-08-17
R01691,Trustpilot,Plumbing Repair,2,negative,Will not recommend.,2025-01-01
R01692,Google,Fence Repair,2,negative,Poor quality service.,2024-11-21
R01693,Trustpilot,Water Heater Installation,3,neutral,Okay but can improve.,2023-03-15
R01694,Google,Roof Repair,4,positive,Highly recommend!,2023-05-05
R01695,Google,Painting,3,neutral,Okay but can improve.,2024-04-03
R01696,Google,Roof Repair,3,neutral,Okay but can improve.,2023-09-16
R01697,Trustpilot,Water Heater Installation,3,neutral,Okay but can improve.,2025-01-27
R01698,Trustpilot,Roof Repair,2,negative,Will not recommend.,2023-10-31
R01699,Google,Water Heater Installation,4,positive,Excellent Water Heater Installation service!,2025-07-08
R01700,Trustpilot,Fence Repair,3,neutral,Average experience.,2023-06-25
R01701,Yelp,Fence Repair,4,positive,Highly recommend!,2023-09-21
R01702,Google,Window Replacement,3,neutral,Okay but can improve.,2024-03-10
R01703,Yelp,HVAC Servicing,2,negative,Poor quality service.,2023-08-14
R01704,Google,Window Replacement,5,positive,Very professional Window Replacement.,2025-01-04
R01705,Yelp,Lawn Maintenance,3,neutral,Average experience.,2023-10-28
R01706,Google,Window Replacement,4,positive,Very professional Window Replacement.,2025-09-05
R01707,Trustpilot,Electrical Wiring,3,neutral,Okay but can improve.,2024-03-02
R01708,Google,Lawn Maintenance,5,positive,Excellent Lawn Maintenance service!,2025-07-13
R01709,Trustpilot,Roof Repair,5,positive,Highly recommend!,2023-08-31
R01710,Yelp,Electrical Wiring,5,positive,Very professional Electrical Wiring.,2023-07-03
R01711,Google,Window Replacement,4,positive,Excellent Window Replacement service!,2023-08-29
R01712,Google,Fence Repair,3,neutral,Okay but can improve.,2024-10-19
R01713,Google,Fence Repair,3,neutral,Okay but can improve.,2023-05-02
R01714,Yelp,Window Replacement,4,positive,Excellent Window Replacement service!,2023-07-20
R01715,Yelp,Plumbing Repair,2,negative,Will not recommend.,2023-12-02
R01716,Google,HVAC Servicing,3,neutral,Average experience.,2024-10-12
R01717,Google,Plumbing Repair,3,neutral,Okay but can improve.,2024-09-20
R01718,Trustpilot,Lawn Maintenance,2,negative,Poor quality service.,2025-09-06
R01719,Yelp,HVAC Servicing,3,neutral,Average experience.,2025-05-23
R01720,Google,Gutter Cleaning,5,positive,Highly recommend!,2024-11-29
R01721,Trustpilot,Lawn Maintenance,4,positive,Excellent Lawn Maintenance service!,2024-03-01
R01722,Trustpilot,Roof Repair,4,positive,Excellent Roof Repair service!,2025-08-20
R01723,Google,Roof Repair,3,neutral,Okay but can improve.,2024-05-31
R01724,Trustpilot,Roof Repair,5,positive,Very professional Roof Repair.,2023-03-09
R01725,Yelp,Water Heater Installation,2,negative,Poor quality service.,2025-01-14
R01726,Yelp,Window Replacement,4,positive,Highly recommend!,2024-02-17
R01727,Google,Electrical Wiring,4,positive,Highly recommend!,2025-07-25
R01728,Trustpilot,HVAC Servicing,3,neutral,Okay but can improve.,2024-09-16
R01729,Trustpilot,Gutter Cleaning,4,positive,Highly recommend!,2023-05-06
R01730,Google,Lawn Maintenance,4,positive,Excellent Lawn Maintenance service!,2025-03-11
R01731,Trustpilot,Electrical Wiring,3,neutral,Okay but can improve.,2025-09-29
R01732,Google,Plumbing Repair,4,positive,Excellent Plumbing Repair service!,2024-07-06
R01733,Trustpilot,Window Replacement,3,neutral,Average experience.,2024-11-26
R01734,Yelp,HVAC Servicing,5,positive,Excellent HVAC Servicing service!,2025-07-03
R01735,Google,Electrical Wiring,4,positive,Very professional Electrical Wiring.,2025-07-15
R01736,Google,Plumbing Repair,4,positive,Highly recommend!,2023-04-07
R01737,Google,HVAC Servicing,3,neutral,Average experience.,2025-10-14
R01738,Google,Gutter Cleaning,3,neutral,Okay but can improve.,2023-02-26
R01739,Yelp,Lawn Maintenance,2,negative,Will not recommend.,2023-03-15
R01740,Yelp,Fence Repair,4,positive,Highly recommend!,2025-08-23
R01741,Google,Electrical Wiring,3,neutral,Average experience.,2023-09-09
R01742,Google,Lawn Maintenance,4,positive,Very professional Lawn Maintenance.,2025-08-17
R01743,Yelp,HVAC Servicing,4,positive,Excellent HVAC Servicing service!,2024-11-08
R01744,Trustpilot,Lawn Maintenance,3,neutral,Average experience.,2024-11-16
R01745,Trustpilot,Electrical Wiring,3,neutral,Okay but can improve.,2024-11-27
R01746,Trustpilot,Fence Repair,3,neutral,Average experience.,2025-08-05
R01747,Google,Water Heater Installation,3,neutral,Average experience.,2025-01-16
R01748,Google,Painting,1,negative,Will not recommend.,2024-03-01
R01749,Trustpilot,HVAC Servicing,5,positive,Very professional HVAC Servicing.,2023-12-13
R01750,Google,Fence Repair,3,neutral,Okay but can improve.,2024-03-10
R01751,Google,Lawn Maintenance,3,neutral,Okay but can improve.,2025-06-22
R01752,Yelp,Electrical Wiring,2,negative,Poor quality service.,2025-06-04
R01753,Google,HVAC Servicing,3,neutral,Average experience.,2023-03-07
R01754,Google,Painting,2,negative,Poor quality service.,2025-07-17
R01755,Yelp,Plumbing Repair,3,neutral,Average experience.,2023-05-05
R01756,Google,Painting,3,neutral,Average experience.,2025-02-04
R01757,Yelp,Water Heater Installation,2,negative,Will not recommend.,2023-12-12
R01758,Google,Gutter Cleaning,4,positive,Excellent Gutter Cleaning service!,2023-01-26
R01759,Yelp,Window Replacement,4,positive,Excellent Window Replacement service!,2024-12-10
R01760,Yelp,Lawn Maintenance,2,negative,Will not recommend.,2024-01-03
R01761,Yelp,Electrical Wiring,4,positive,Excellent Electrical Wiring service!,2025-10-07
R01762,Yelp,Window Replacement,4,positive,Very professional Window Replacement.,2023-12-07
R01763,Yelp,Roof Repair,3,neutral,Average experience.,2024-10-01
R01764,Google,Lawn Maintenance,4,positive,Highly recommend!,2024-06-07
R01765,Trustpilot,Fence Repair,3,neutral,Average experience.,2025-04-03
R01766,Trustpilot,Lawn Maintenance,5,positive,Excellent Lawn Maintenance service!,2023-06-23
R01767,Trustpilot,Roof Repair,5,positive,Very professional Roof Repair.,2025-09-25
R01768,Yelp,Fence Repair,3,neutral,Average experience.,2024-09-03
R01769,Trustpilot,Gutter Cleaning,4,positive,Very professional Gutter Cleaning.,2023-07-28
R01770,Google,Painting,4,positive,Very professional Painting.,2024-12-10
R01771,Yelp,Electrical Wiring,3,neutral,Average experience.,2023-05-05
R01772,Trustpilot,Roof Repair,3,neutral,Okay but can improve.,2024-05-27
R01773,Google,Gutter Cleaning,3,neutral,Average experience.,2023-05-04
R01774,Yelp,HVAC Servicing,4,positive,Very professional HVAC Servicing.,2023-05-18
R01775,Trustpilot,Painting,3,neutral,Average experience.,2025-05-31
R01776,Trustpilot,Plumbing Repair,3,neutral,Okay but can improve.,2023-05-07
R01777,Google,Roof Repair,3,neutral,Average experience.,2024-02-18
R01778,Trustpilot,Electrical Wiring,5,positive,Highly recommend!,2025-09-07
R01779,Yelp,Plumbing Repair,5,positive,Excellent Plumbing Repair service!,2023-04-17
R01780,Google,Lawn Maintenance,5,positive,Highly recommend!,2023-05-14
R01781,Google,Water Heater Installation,3,neutral,Average experience.,2024-08-27
R01782,Yelp,Plumbing Repair,3,neutral,Average experience.,2023-02-19
R01783,Trustpilot,Lawn Maintenance,3,neutral,Okay but can improve.,2024-04-27
R01784,Yelp,Painting,2,negative,Will not recommend.,2024-03-25
R01785,Google,Gutter Cleaning,2,negative,Poor quality service.,2023-10-19
R01786,Google,Window Replacement,2,negative,Poor quality service.,2024-03-22
R01787,Trustpilot,Roof Repair,3,neutral,Average experience.,2024-12-13
R01788,Trustpilot,Painting,3,neutral,Average experience.,2024-01-11
R01789,Yelp,HVAC Servicing,5,positive,Very professional HVAC Servicing.,2024-08-13
R01790,Trustpilot,Plumbing Repair,4,positive,Very professional Plumbing Repair.,2024-03-26
R01791,Yelp,Painting,4,positive,Excellent Painting service!,2024-05-17
R01792,Google,Fence Repair,5,positive,Very professional Fence Repair.,2023-12-09
R01793,Yelp,Water Heater Installation,4,positive,Highly recommend!,2024-08-12
R01794,Yelp,Water Heater Installation,4,positive,Excellent Water Heater Installation service!,2023-06-06
R01795,Trustpilot,Lawn Maintenance,4,positive,Very professional Lawn Maintenance.,2025-03-08
R01796,Trustpilot,Water Heater Installation,3,neutral,Okay but can improve.,2023-08-27
R01797,Trustpilot,Electrical Wiring,4,positive,Highly recommend!,2023-04-14
R01798,Trustpilot,HVAC Servicing,5,positive,Highly recommend!,2024-09-19
R01799,Google,Water Heater Installation,5,positive,Highly recommend!,2024-09-23
R01800,Trustpilot,Roof Repair,4,positive,Highly recommend!,2024-10-08
R01801,Yelp,Lawn Maintenance,4,positive,Excellent Lawn Maintenance service!,2023-09-15
R01802,Google,Roof Repair,3,neutral,Average experience.,2024-03-17
R01803,Google,Lawn Maintenance,2,negative,Will not recommend.,2024-06-08
R01804,Yelp,Lawn Maintenance,3,neutral,Average experience.,2023-04-25
R01805,Google,HVAC Servicing,5,positive,Excellent HVAC Servicing service!,2024-04-06
R01806,Trustpilot,Roof Repair,3,neutral,Average experience.,2023-02-21
R01807,Trustpilot,Electrical Wiring,2,negative,Will not recommend.,2023-09-02
R01808,Trustpilot,Roof Repair,1,negative,Poor quality service.,2023-10-19
R01809,Google,Fence Repair,3,neutral,Okay but can improve.,2024-11-06
R01810,Yelp,Lawn Maintenance,5,positive,Highly recommend!,2025-08-29
R01811,Trustpilot,Window Replacement,4,positive,Highly recommend!,2024-12-18
R01812,Yelp,Water Heater Installation,5,positive,Excellent Water Heater Installation service!,2024-09-21
R01813,Google,Plumbing Repair,5,positive,Excellent Plumbing Repair service!,2025-02-12
R01814,Trustpilot,Water Heater Installation,5,positive,Very professional Water Heater Installation.,2025-03-07
R01815,Trustpilot,Lawn Maintenance,4,positive,Excellent Lawn Maintenance service!,2025-08-25
R01816,Trustpilot,Gutter Cleaning,3,neutral,Okay but can improve.,2024-10-21
R01817,Yelp,Gutter Cleaning,5,positive,Excellent Gutter Cleaning service!,2024-04-13
R01818,Yelp,Roof Repair,5,positive,Excellent Roof Repair service!,2023-03-26
R01819,Google,Window Replacement,4,positive,Highly recommend!,2024-07-16
R01820,Trustpilot,HVAC Servicing,4,positive,Very professional HVAC Servicing.,2024-12-18
R01821,Yelp,Roof Repair,3,neutral,Okay but can improve.,2024-09-25
R01822,Trustpilot,Gutter Cleaning,3,neutral,Okay but can improve.,2024-12-25
R01823,Yelp,Fence Repair,2,negative,Will not recommend.,2023-03-04
R01824,Yelp,Electrical Wiring,4,positive,Highly recommend!,2024-12-10
R01825,Google,Painting,3,neutral,,2025-08-26
R01826,Google,Fence Repair,4,positive,Highly recommend!,2025-09-10
R01827,Yelp,HVAC Servicing,2,negative,Will not recommend.,2024-04-11
R01828,Google,Lawn Maintenance,3,neutral,Average experience.,2025-01-07
R01829,Trustpilot,HVAC Servicing,3,neutral,Average experience.,2024-02-29
R01830,Trustpilot,Gutter Cleaning,1,negative,Poor quality service.,2024-07-21
R01831,Yelp,Window Replacement,3,neutral,Okay but can improve.,2023-08-14
R01832,Trustpilot,HVAC Servicing,3,neutral,Average experience.,2025-05-12
R01833,Google,Gutter Cleaning,2,negative,Poor quality service.,2023-04-15
R01834,Yelp,Gutter Cleaning,4,positive,Very professional Gutter Cleaning.,2024-02-27
R01835,Trustpilot,Fence Repair,1,negative,Poor quality service.,2023-06-17
R01836,Yelp,Window Replacement,1,negative,Will not recommend.,2025-01-17
R01837,Google,Electrical Wiring,4,positive,Very professional Electrical Wiring.,2023-08-15
R01838,Trustpilot,Plumbing Repair,4,positive,Excellent Plumbing Repair service!,2023-06-03
R01839,Trustpilot,Fence Repair,3,neutral,Average experience.,2025-04-04
R01840,Google,Fence Repair,4,positive,Very professional Fence Repair.,2024-02-14
R01841,Google,Lawn Maintenance,4,positive,,2024-10-23
R01842,Yelp,Lawn Maintenance,4,positive,Excellent Lawn Maintenance service!,2023-09-22
R01843,Yelp,Painting,2,negative,Poor quality service.,2025-04-25
R01844,Trustpilot,Window Replacement,4,positive,Very professional Window Replacement.,2024-04-26
R01845,Yelp,Painting,3,neutral,Average experience.,2024-04-09
R01846,Yelp,Electrical Wiring,4,positive,Excellent Electrical Wiring service!,2023-08-27
R01847,Google,Window Replacement,5,positive,Very professional Window Replacement.,2023-05-17
R01848,Trustpilot,Water Heater Installation,4,positive,Very professional Water Heater Installation.,2024-11-21
R01849,Yelp,HVAC Servicing,4,positive,Highly recommend!,2024-10-09
R01850,Yelp,Fence Repair,4,positive,Very professional Fence Repair.,2024-02-22
R01851,Google,Gutter Cleaning,3,neutral,Average experience.,2023-06-16
R01852,Google,Plumbing Repair,3,neutral,Okay but can improve.,2024-03-05
R01853,Trustpilot,HVAC Servicing,4,positive,Very professional HVAC Servicing.,2023-12-21
R01854,Google,Roof Repair,4,positive,Highly recommend!,2024-11-11
R01855,Google,Painting,5,positive,Very professional Painting.,2025-03-28
R01856,Google,Painting,5,positive,Highly recommend!,2025-06-26
R01857,Google,Window Replacement,3,neutral,Okay but can improve.,2023-06-11
R01858,Google,Fence Repair,4,positive,Very professional Fence Repair.,2024-10-31
R01859,Trustpilot,HVAC Servicing,3,neutral,Average experience.,2023-08-21
R01860,Trustpilot,HVAC Servicing,4,positive,Highly recommend!,2025-04-12
R01861,Yelp,Lawn Maintenance,3,neutral,Average experience.,2023-07-19
R01862,Yelp,Gutter Cleaning,4,positive,Very professional Gutter Cleaning.,2024-07-21
R01863,Google,Lawn Maintenance,3,neutral,Average experience.,2024-07-11
R01864,Google,Window Replacement,1,negative,Poor quality service.,2025-01-31
R01865,Google,Fence Repair,2,negative,Poor quality service.,2024-02-11
R01866,Yelp,Roof Repair,2,negative,Poor quality service.,2024-12-06
R01867,Trustpilot,Electrical Wiring,5,positive,Very professional Electrical Wiring.,2024-06-18
R01868,Google,Window Replacement,4,positive,Highly recommend!,2023-08-05
R01869,Trustpilot,Window Replacement,4,positive,Highly recommend!,2025-05-13
R01870,Yelp,HVAC Servicing,4,positive,Excellent HVAC Servicing service!,2023-10-11
R01871,Yelp,HVAC Servicing,3,neutral,Average experience.,2023-05-17
R01872,Yelp,Gutter Cleaning,3,neutral,Average experience.,2025-04-08
R01873,Trustpilot,Roof Repair,3,neutral,Okay but can improve.,2025-02-11
R01874,Yelp,Plumbing Repair,3,neutral,Okay but can improve.,2025-03-12
R01875,Yelp,Plumbing Repair,5,positive,Highly recommend!,2025-01-22
R01876,Trustpilot,Electrical Wiring,5,positive,Excellent Electrical Wiring service!,2025-04-10
R01877,Trustpilot,Electrical Wiring,5,positive,Highly recommend!,2024-04-17
R01878,Google,Roof Repair,3,neutral,Average experience.,2025-01-27
R01879,Yelp,Roof Repair,4,positive,Excellent Roof Repair service!,2024-08-03
R01880,Google,HVAC Servicing,5,positive,Highly recommend!,2024-02-29
R01881,Google,Lawn Maintenance,2,negative,Poor quality service.,2023-11-09
R01882,Google,Painting,4,positive,Highly recommend!,2024-01-08
R01883,Trustpilot,Window Replacement,3,neutral,Average experience.,2025-08-24
R01884,Trustpilot,Gutter Cleaning,4,positive,Highly recommend!,2024-07-11
R01885,Google,Roof Repair,5,positive,Excellent Roof Repair service!,2023-08-04
R01886,Trustpilot,Fence Repair,4,positive,Highly recommend!,2024-05-13
R01887,Trustpilot,Roof Repair,3,neutral,,2023-12-01
R01888,Google,Gutter Cleaning,4,positive,Very professional Gutter Cleaning.,2025-05-02
R01889,Google,Gutter Cleaning,1,negative,Will not recommend.,2024-08-05
R01890,Google,Gutter Cleaning,3,neutral,Okay but can improve.,2025-09-04
R01891,Trustpilot,Gutter Cleaning,3,neutral,Average experience.,2023-11-28
R01892,Yelp,Window Replacement,3,neutral,Average experience.,2023-12-25
R01893,Yelp,HVAC Servicing,3,neutral,Okay but can improve.,2023-10-08
R01894,Yelp,Water Heater Installation,4,positive,Excellent Water Heater Installation service!,2025-05-15
R01895,Yelp,Lawn Maintenance,3,neutral,Average experience.,2023-02-23
R01896,Yelp,Plumbing Repair,3,neutral,Average experience.,2024-02-05
R01897,Yelp,Painting,4,positive,Excellent Painting service!,2023-10-12
R01898,Yelp,Gutter Cleaning,4,positive,Excellent Gutter Cleaning service!,2023-10-28
R01899,Trustpilot,Lawn Maintenance,3,neutral,Average experience.,2025-09-18
R01900,Trustpilot,Painting,3,neutral,Average experience.,2024-09-10
R01901,Trustpilot,Lawn Maintenance,4,positive,Very professional Lawn Maintenance.,2025-07-14
R01902,Yelp,Painting,1,negative,Will not recommend.,2023-08-08
R01903,Trustpilot,Roof Repair,3,neutral,Okay but can improve.,2024-05-15
R01904,Trustpilot,Window Replacement,4,positive,Excellent Window Replacement service!,2024-06-06
R01905,Yelp,Plumbing Repair,3,neutral,Okay but can improve.,2025-03-14
R01906,Google,Plumbing Repair,4,positive,Excellent Plumbing Repair service!,2025-05-10
R01907,Google,Plumbing Repair,3,neutral,Okay but can improve.,2024-03-16
R01908,Yelp,Plumbing Repair,4,positive,Highly recommend!,2023-04-22
R01909,Google,Window Replacement,4,positive,Highly recommend!,2024-05-19
R01910,Trustpilot,Window Replacement,4,positive,Very professional Window Replacement.,2023-01-22
R01911,Yelp,HVAC Servicing,5,positive,Highly recommend!,2025-07-05
R01912,Google,Fence Repair,3,neutral,Average experience.,2023-01-21
R01913,Google,Gutter Cleaning,4,positive,Highly recommend!,2023-06-27
R01914,Trustpilot,Fence Repair,3,neutral,Average experience.,2025-09-28
R01915,Yelp,Roof Repair,4,positive,Excellent Roof Repair service!,2025-04-20
R01916,Yelp,Lawn Maintenance,3,neutral,Okay but can improve.,2024-05-12
R01917,Yelp,Gutter Cleaning,4,positive,Excellent Gutter Cleaning service!,2024-07-31
R01918,Google,Plumbing Repair,4,positive,Excellent Plumbing Repair service!,2023-05-12
R01919,Google,Lawn Maintenance,3,neutral,Average experience.,2023-08-14
R01920,Trustpilot,Gutter Cleaning,2,negative,Will not recommend.,2024-09-23
R01921,Trustpilot,Electrical Wiring,2,negative,Will not recommend.,2024-03-19
R01922,Yelp,Plumbing Repair,5,positive,Excellent Plumbing Repair service!,2024-09-22
R01923,Google,Painting,3,neutral,Okay but can improve.,2025-10-04
R01924,Google,Fence Repair,5,positive,Very professional Fence Repair.,2023-04-01
R01925,Trustpilot,Water Heater Installation,2,negative,Will not recommend.,2025-01-29
R01926,Trustpilot,Gutter Cleaning,4,positive,Highly recommend!,2023-09-20
R01927,Trustpilot,HVAC Servicing,4,positive,Excellent HVAC Servicing service!,2025-01-13
R01928,Trustpilot,Water Heater Installation,4,positive,Highly recommend!,2025-09-28
R01929,Trustpilot,Electrical Wiring,4,positive,Excellent Electrical Wiring service!,2025-09-22
R01930,Google,HVAC Servicing,3,neutral,Okay but can improve.,2023-01-10
R01931,Google,HVAC Servicing,2,negative,Will not recommend.,2024-05-23
R01932,Trustpilot,Painting,2,negative,Poor quality service.,2025-07-07
R01933,Google,Roof Repair,4,positive,Highly recommend!,2024-07-06
R01934,Google,Electrical Wiring,4,positive,Very professional Electrical Wiring.,2025-01-12
R01935,Trustpilot,Window Replacement,4,positive,Excellent Window Replacement service!,2023-10-04
R01936,Yelp,HVAC Servicing,2,negative,Will not recommend.,2023-03-15
R01937,Trustpilot,Roof Repair,2,negative,Poor quality service.,2025-05-08
R01938,Trustpilot,Fence Repair,4,positive,Excellent Fence Repair service!,2024-02-02
R01939,Yelp,Fence Repair,3,neutral,Okay but can improve.,2025-05-15
R01940,Trustpilot,Roof Repair,3,neutral,Average experience.,2024-09-21
R01941,Google,Water Heater Installation,2,negative,Will not recommend.,2025-01-14
R01942,Trustpilot,Window Replacement,4,positive,Highly recommend!,2023-03-22
R01943,Trustpilot,Fence Repair,3,neutral,Average experience.,2024-10-31
R01944,Yelp,Lawn Maintenance,4,positive,Excellent Lawn Maintenance service!,2023-11-21
R01945,Google,Lawn Maintenance,4,positive,Very professional Lawn Maintenance.,2023-08-29
R01946,Trustpilot,Fence Repair,2,negative,Poor quality service.,2025-01-18
R01947,Yelp,Lawn Maintenance,4,positive,,2025-07-12
R01948,Yelp,Gutter Cleaning,3,neutral,Average experience.,2025-08-15
R01949,Google,Fence Repair,4,positive,Very professional Fence Repair.,2024-07-29
R01950,Google,Electrical Wiring,2,negative,,2023-12-14
R01951,Google,Gutter Cleaning,3,neutral,Okay but can improve.,2024-06-03
R01952,Google,Electrical Wiring,5,positive,Very professional Electrical Wiring.,2023-06-07
R01953,Trustpilot,Painting,2,negative,Will not recommend.,2023-01-13
R01954,Yelp,Roof Repair,2,negative,Will not recommend.,2025-08-20
R01955,Google,Gutter Cleaning,5,positive,Very professional Gutter Cleaning.,2023-11-15
R01956,Google,Lawn Maintenance,3,neutral,Average experience.,2025-08-15
R01957,Trustpilot,Roof Repair,5,positive,Highly recommend!,2023-12-13
R01958,Trustpilot,Fence Repair,3,neutral,Okay but can improve.,2023-04-04
R01959,Yelp,Painting,4,positive,Very professional Painting.,2023-01-24
R01960,Yelp,Plumbing Repair,5,positive,Very professional Plumbing Repair.,2024-08-21
R01961,Yelp,Window Replacement,1,negative,Will not recommend.,2023-08-14
R01962,Yelp,Electrical Wiring,3,neutral,??? unclear ???,2023-06-16
R01963,Trustpilot,Fence Repair,4,positive,Highly recommend!,2023-03-28
R01964,Google,Electrical Wiring,5,positive,Highly recommend!,2024-04-22
R01965,Yelp,Painting,4,positive,Very professional Painting.,2023-12-16
R01966,Yelp,Plumbing Repair,2,negative,Will not recommend.,2025-02-20
R01967,Google,Roof Repair,4,positive,,2024-10-31
R01968,Google,Plumbing Repair,5,positive,Very professional Plumbing Repair.,2024-07-04
R01969,Yelp,Water Heater Installation,3,neutral,Average experience.,2023-07-13
R01970,Google,Lawn Maintenance,4,positive,Very professional Lawn Maintenance.,2023-05-20
R01971,Trustpilot,Plumbing Repair,4,positive,Very professional Plumbing Repair.,2023-06-13
R01972,Yelp,Lawn Maintenance,4,positive,Very professional Lawn Maintenance.,2025-07-11
R01973,Yelp,Plumbing Repair,5,positive,Excellent Plumbing Repair service!,2024-06-18
R01974,Trustpilot,Painting,5,positive,Very professional Painting.,2023-02-19
R01975,Google,Electrical Wiring,3,neutral,??? unclear ???,2024-05-09
R01976,Yelp,Lawn Maintenance,2,negative,Will not recommend.,2023-01-21
R01977,Trustpilot,Gutter Cleaning,3,neutral,Average experience.,2023-05-25
R01978,Google,Plumbing Repair,4,positive,Highly recommend!,2023-11-21
R01979,Trustpilot,Gutter Cleaning,4,positive,Very professional Gutter Cleaning.,2023-11-27
R01980,Google,Lawn Maintenance,3,neutral,Average experience.,2023-06-13
R01981,Trustpilot,Water Heater Installation,5,positive,Very professional Water Heater Installation.,2023-10-11
R01982,Yelp,Water Heater Installation,3,neutral,Average experience.,2023-04-12
R01983,Google,Plumbing Repair,5,positive,Highly recommend!,2023-04-29
R01984,Google,Lawn Maintenance,5,positive,Highly recommend!,2024-05-16
R01985,Trustpilot,Water Heater Installation,4,positive,Very professional Water Heater Installation.,2025-07-29
R01986,Google,Gutter Cleaning,3,neutral,Okay but can improve.,2024-05-19
R01987,Trustpilot,Electrical Wiring,4,positive,Highly recommend!,2025-07-27
R01988,Trustpilot,Fence Repair,4,positive,Very professional Fence Repair.,2023-05-20
R01989,Trustpilot,Plumbing Repair,5,positive,,2024-09-01
R01990,Yelp,Lawn Maintenance,1,negative,Will not recommend.,2024-09-22
R01991,Yelp,Roof Repair,2,negative,Poor quality service.,2023-06-28
R01992,Yelp,Window Replacement,4,positive,Highly recommend!,2023-01-17
R01993,Yelp,Fence Repair,3,neutral,Average experience.,2024-02-16
R01994,Trustpilot,Gutter Cleaning,3,neutral,Average experience.,2023-05-03
R01995,Yelp,Fence Repair,3,neutral,Average experience.,2023-04-08
R01996,Yelp,Fence Repair,1,negative,Will not recommend.,2023-10-12
R01997,Yelp,Fence Repair,5,positive,Excellent Fence Repair service!,2023-08-14
R01998,Yelp,Electrical Wiring,3,neutral,Average experience.,2024-01-02
R01999,Google,Fence Repair,3,neutral,Okay but can improve.,2024-03-14
R02000,Trustpilot,Painting,3,neutral,Average experience.,2024-11-16
R00675,Yelp,Roof Repair,4,positive,Highly recommend!,2024-09-24
R01700,Trustpilot,Fence Repair,3,neutral,Average experience.,2023-06-25
R01283,Google,Window Replacement,3,neutral,Okay but can improve.,2024-07-29
R01316,Google,Painting,3,neutral,Okay but can improve.,2025-03-25
R01211,Trustpilot,Lawn Maintenance,4,positive,Highly recommend!,2024-06-23
R01637,Trustpilot,HVAC Servicing,4,positive,Highly recommend!,2023-06-14
R00614,Google,Plumbing Repair,3,neutral,Average experience.,2023-03-10
R00448,Google,Lawn Maintenance,2,negative,Will not recommend.,2024-02-20
R01132,Trustpilot,Lawn Maintenance,4,positive,Excellent Lawn Maintenance service!,2025-09-28
R00809,Google,Fence Repair,3,neutral,Average experience.,2023-02-20
R01497,Trustpilot,Plumbing Repair,2,negative,Poor quality service.,2023-01-08
R01469,Google,Water Heater Installation,3,neutral,Average experience.,2024-01-27
R01683,Google,Plumbing Repair,3,neutral,Average experience.,2024-06-07
R01150,Google,Roof Repair,4,positive,Highly recommend!,2025-08-13
R00443,Google,Lawn Maintenance,5,positive,Very professional Lawn Maintenance.,2023-06-01
R01814,Trustpilot,Water Heater Installation,5,positive,Very professional Water Heater Installation.,2025-03-07
R00655,Trustpilot,Roof Repair,2,negative,Will not recommend.,2023-08-28
R01265,Trustpilot,Painting,4,positive,,2023-03-17
R00859,Yelp,Water Heater Installation,4,positive,Very professional Water Heater Installation.,2023-06-02
R01483,Trustpilot,Plumbing Repair,3,neutral,Okay but can improve.,2023-05-03
R00232,Trustpilot,HVAC Servicing,4,positive,Very professional HVAC Servicing.,2023-06-28
R01822,Trustpilot,Gutter Cleaning,3,neutral,Okay but can improve.,2024-12-25
R01927,Trustpilot,HVAC Servicing,4,positive,Excellent HVAC Servicing service!,2025-01-13
R00882,Google,Painting,4,positive,Highly recommend!,2025-07-14
R00632,Yelp,Electrical Wiring,2,negative,Will not recommend.,2025-02-08
R00376,Yelp,HVAC Servicing,3,neutral,Okay but can improve.,2023-07-18
R01961,Yelp,Window Replacement,1,negative,Will not recommend.,2023-08-14
R00368,Google,Lawn Maintenance,3,neutral,Average experience.,2023-04-11
R00559,Google,Window Replacement,3,neutral,Okay but can improve.,2025-04-05
R00276,Yelp,Painting,3,neutral,Okay but can improve.,2024-03-10
R01978,Google,Plumbing Repair,4,positive,Highly recommend!,2023-11-21
R00875,Google,Window Replacement,2,negative,Will not recommend.,2025-02-25
R01679,Yelp,Gutter Cleaning,4,positive,Excellent Gutter Cleaning service!,2025-09-03
R00731,Google,Fence Repair,4,positive,Highly recommend!,2023-03-02
R00574,Yelp,HVAC Servicing,3,neutral,Average experience.,2024-08-24
R00719,Trustpilot,Water Heater Installation,3,neutral,Okay but can improve.,2024-08-09
R00578,Yelp,HVAC Servicing,4,positive,Highly recommend!,2024-02-21
R00057,Trustpilot,Fence Repair,3,neutral,Average experience.,2023-06-29
R00869,Google,Gutter Cleaning,3,neutral,Average experience.,2023-10-23
R01729,Trustpilot,Gutter Cleaning,4,positive,Highly recommend!,2023-05-06
R00187,Yelp,Water Heater Installation,5,positive,Very professional Water Heater Installation.,2024-02-16
R00283,Trustpilot,Gutter Cleaning,3,neutral,Average experience.,2024-02-08
R01139,Google,Gutter Cleaning,5,positive,Highly recommend!,2024-06-07
R01045,Yelp,Water Heater Installation,4,positive,Excellent Water Heater Installation service!,2024-02-13
R01069,Yelp,Plumbing Repair,5,positive,Very professional Plumbing Repair.,2024-08-28
R01625,Yelp,Gutter Cleaning,3,neutral,Average experience.,2024-04-23
R00676,Trustpilot,Window Replacement,3,neutral,Okay but can improve.,2023-05-01
R01702,Google,Window Replacement,3,neutral,Okay but can improve.,2024-03-10
R01887,Trustpilot,Roof Repair,3,neutral,,2023-12-01
R01825,Google,Painting,3,neutral,,2025-08-26
